fund_name,vintage_year,capital_committed,capital_contributed,capital_distributed,nav,net_irr,source,scraped_date,reporting_period
"ACON Equity Partners IV, LP",2016,50000000,56254688,37352252,43176025,8.86,CalSTRS,2026-02-18,"FYE June 30, 2025"
Advent Global Technology L.P.,2020,100000000,98499996,13500000,133492600,10.03,CalSTRS,2026-02-18,"FYE June 30, 2025"
"Advent International GPE IX, L.P.",2019,300000000,286499686,83342471,392061650,14.75,CalSTRS,2026-02-18,"FYE June 30, 2025"
Advent International GPE VI LP,2008,234769890,271014851,523944248,18602577,15.29,CalSTRS,2026-02-18,"FYE June 30, 2025"
Advent International GPE VIII-D L.P.,2016,150000000,150000000,210870400,102948822,15.76,CalSTRS,2026-02-18,"FYE June 30, 2025"
Advent LatAm PE Fund VII SCSP,2021,150000000,100875000,22500000,97962111,7.41,CalSTRS,2026-02-18,"FYE June 30, 2025"
"Affinity Asia Pacific Fund III, L.P.",2007,150000000,142997806,204533445,1558248,8.96,CalSTRS,2026-02-18,"FYE June 30, 2025"
Affinity Asia Pacific Fund V (NO.2) L.P.,2018,200000000,168356848,48789793,151154600,6.71,CalSTRS,2026-02-18,"FYE June 30, 2025"
Alchemy Special Opportunities Fund III,2014,54813968,48154620,55648514,18316466,7.53,CalSTRS,2026-02-18,"FYE June 30, 2025"
Alchemy Special Opportunities Fund IV L.P.,2019,92498571,65229779,16058134,85881376,15.78,CalSTRS,2026-02-18,"FYE June 30, 2025"
AlpInvest C Fund II LP,2021,1000000000,792983602,53977384,1110672601,17.65,CalSTRS,2026-02-18,"FYE June 30, 2025"
"AlpInvest C Fund, L.P.",2018,725000000,776339574,467437047,956313743,14.88,CalSTRS,2026-02-18,"FYE June 30, 2025"
"AlpInvest Co-Investment Fund (Onshore) VII, L.P.",2017,150000000,164414037,105223589,185822462,13.55,CalSTRS,2026-02-18,"FYE June 30, 2025"
"AlpInvest Co-Investment Fund (Onshore) VIII, L.P.",2021,250000000,236918730,2843591,310213511,11.05,CalSTRS,2026-02-18,"FYE June 30, 2025"
"Apax Europe VI - A, L.P.",2005,293462363,309873423,617814890,10982133,12.68,CalSTRS,2026-02-18,"FYE June 30, 2025"
Apax Europe VII,2007,446062792,518532420,656871733,1969913,4.35,CalSTRS,2026-02-18,"FYE June 30, 2025"
Apax IX USD L.P.,2017,300000000,325152555,435471852,185292343,17.83,CalSTRS,2026-02-18,"FYE June 30, 2025"
Apax X USD L.P.,2020,250000000,249483541,43225034,282686028,9.88,CalSTRS,2026-02-18,"FYE June 30, 2025"
Apollo Hybrid Value Fund II LP,2021,250000000,240036575,49081757,244189363,11.25,CalSTRS,2026-02-18,"FYE June 30, 2025"
"Apollo Investment Fund IX, L.P.",2019,300000000,300616854,172061478,281789208,15.41,CalSTRS,2026-02-18,"FYE June 30, 2025"
"Apollo Investment Fund VI, L.P.",2006,250000000,239549952,399272363,4261990,8.57,CalSTRS,2026-02-18,"FYE June 30, 2025"
"Apollo Investment Fund VII, L.P.",2008,350000000,302084155,622033109,,22.53,CalSTRS,2026-02-18,"FYE June 30, 2025"
Apollo Investment Fund X L.P.,2023,300000000,136082655,27395681,134518311,19.14,CalSTRS,2026-02-18,"FYE June 30, 2025"
"ARCH Venture Fund VI, L.P.",2004,30000000,30005018,37347683,,2.42,CalSTRS,2026-02-18,"FYE June 30, 2025"
"Ares Corporate Opportunities Fund IV, L.P.",2012,150000000,138536672,253226624,21318978,13.96,CalSTRS,2026-02-18,"FYE June 30, 2025"
"Ares Corporate Opportunities Fund V, L.P.",2017,300000000,335239712,174754280,260663684,5.97,CalSTRS,2026-02-18,"FYE June 30, 2025"
"Ares Corporate Opportunities VI, L.P.",2020,200000000,223863107,77308111,240717349,15.58,CalSTRS,2026-02-18,"FYE June 30, 2025"
"Ares Special Opportunities Fund, L.P.",2020,50000000,49299945,47940456,28032694,14.65,CalSTRS,2026-02-18,"FYE June 30, 2025"
Arsenal Capital Partners IV,2016,83000000,84540112,114272459,44766405,16.06,CalSTRS,2026-02-18,"FYE June 30, 2025"
"Arsenal Capital Partners V, L.P.",2019,135000000,132377451,41665422,133968230,6.77,CalSTRS,2026-02-18,"FYE June 30, 2025"
ASF IX B L.P.,2022,250000000,76128605,6067426,86421533,27.00,CalSTRS,2026-02-18,"FYE June 30, 2025"
ASF VII B L.P.,2015,250000000,194342965,208286833,91805590,13.05,CalSTRS,2026-02-18,"FYE June 30, 2025"
ASF VIII B L.P.,2018,500000000,398755557,156715059,406082619,13.67,CalSTRS,2026-02-18,"FYE June 30, 2025"
"Bain Capital Asia Fund II, LP",2012,75000000,62588178,116309702,14185855,16.55,CalSTRS,2026-02-18,"FYE June 30, 2025"
"Bain Capital Asia Fund III, L.P.",2016,125000000,133434412,161367559,93136470,19.03,CalSTRS,2026-02-18,"FYE June 30, 2025"
Bain Capital Asia Fund V,2023,150000000,56013142,6676844,67543299,36.36,CalSTRS,2026-02-18,"FYE June 30, 2025"
"Bain Capital Fund X, LP",2008,400000000,396198650,597048074,36920788,8.80,CalSTRS,2026-02-18,"FYE June 30, 2025"
BC European Capital IX,2011,247682234,277287040,371200118,87681040,10.09,CalSTRS,2026-02-18,"FYE June 30, 2025"
"BC European Capital VIII, L.P.",2005,528232253,584500303,723185635,292265,4.50,CalSTRS,2026-02-18,"FYE June 30, 2025"
BC European Capital X-8 LP,2017,293462363,279532294,261944885,224144819,10.88,CalSTRS,2026-02-18,"FYE June 30, 2025"
"BC Partners VII, L.P.",2000,352154835,323203189,822215324,2162656,23.92,CalSTRS,2026-02-18,"FYE June 30, 2025"
BC Partners XI GE 2 LP,2021,234769890,183180048,18514453,206069728,8.79,CalSTRS,2026-02-18,"FYE June 30, 2025"
Blackstone Capital Partners Asia II,2022,250000000,96415943,27279928,141833424,39.95,CalSTRS,2026-02-18,"FYE June 30, 2025"
"Blackstone Capital Partners IV, L.P.",2003,200000000,184333390,514269147,3842302,35.95,CalSTRS,2026-02-18,"FYE June 30, 2025"
Blackstone Capital Partners V L.P.,2006,1600000000,1581902461,2699268311,3688403,8.37,CalSTRS,2026-02-18,"FYE June 30, 2025"
"Blackstone Capital Partners VI, L.P.",2011,300000000,290011365,490783985,69002860,12.43,CalSTRS,2026-02-18,"FYE June 30, 2025"
Blackstone Capital Partners VII L.P.,2016,450000000,487048676,466011723,377647180,13.10,CalSTRS,2026-02-18,"FYE June 30, 2025"
Blackstone Capital Partners VIII L.P.,2021,750000000,676719798,140484768,727121980,10.44,CalSTRS,2026-02-18,"FYE June 30, 2025"
"Blackstone Communications Partners I, LP",2000,250000000,250332428,312465453,46246,6.50,CalSTRS,2026-02-18,"FYE June 30, 2025"
Blackstone Core Equity Partners CA - L.P.,2017,500000000,490028695,285042556,769048577,15.87,CalSTRS,2026-02-18,"FYE June 30, 2025"
Blackstone Core Equity Partners II LP,2021,425000000,191888328,23967066,245595913,14.11,CalSTRS,2026-02-18,"FYE June 30, 2025"
Blackstone Energy Partners II L.P.,2015,100000000,110812123,93731230,72315673,8.07,CalSTRS,2026-02-18,"FYE June 30, 2025"
Blackstone Energy Partners III L.P.,2020,250000000,220971283,118278834,267128229,25.48,CalSTRS,2026-02-18,"FYE June 30, 2025"
Blackstone Life Sciences V LP,2020,145000000,99612993,30849077,123716074,19.94,CalSTRS,2026-02-18,"FYE June 30, 2025"
Blackstone Tac Ops III S LP,2023,187500000,90128938,11788552,95609599,19.45,CalSTRS,2026-02-18,"FYE June 30, 2025"
Blackstone Tactical Opportunities Fund - S L.P.,2017,250000000,237737155,317270839,14829614,9.76,CalSTRS,2026-02-18,"FYE June 30, 2025"
Blackstone Tactical Opportunities Fund II-S (Surge) L.P.,2019,125000000,110301858,49248756,102744559,8.97,CalSTRS,2026-02-18,"FYE June 30, 2025"
Blackstone Tactical Opportunities Fund II-S L.P.,2018,375000000,365062214,272695534,268113355,14.19,CalSTRS,2026-02-18,"FYE June 30, 2025"
"Blue Run Ventures IV, L.P.",2008,23595506,23595505,55707934,1989698,22.33,CalSTRS,2026-02-18,"FYE June 30, 2025"
"Blue Run Ventures V, LP",2014,19005882,19005882,7050000,16243537,2.53,CalSTRS,2026-02-18,"FYE June 30, 2025"
"Blue Run Ventures, L.P.",2005,31415730,31181573,41593872,2777764,5.50,CalSTRS,2026-02-18,"FYE June 30, 2025"
"BRV VI, L.P.",2017,19156626,13984336,727368,26283630,12.89,CalSTRS,2026-02-18,"FYE June 30, 2025"
"CalSTRS Lower Middle Market Fund III, LLC",2007,200000000,180258012,334827721,21586853,9.80,CalSTRS,2026-02-18,"FYE June 30, 2025"
"CalSTRS Lower Middle Market Fund IV, LLC",2011,200000000,169651152,281425085,62387093,13.44,CalSTRS,2026-02-18,"FYE June 30, 2025"
"CalSTRS Lower Middle Market Fund V, L.P.",2014,100000000,88270394,149849250,53926654,17.63,CalSTRS,2026-02-18,"FYE June 30, 2025"
"CalSTRS Lower Middle Market Fund VI, L.P.",2018,250000000,189375000,46215000,288433680,16.41,CalSTRS,2026-02-18,"FYE June 30, 2025"
CalSTRS New&Next Gen. Manager Fund II,2008,200000000,135443457,208811886,72079258,8.87,CalSTRS,2026-02-18,"FYE June 30, 2025"
CalSTRS New&Next Gen. Manager Fund III,2012,250000000,181369393,204575725,187398950,11.43,CalSTRS,2026-02-18,"FYE June 30, 2025"
CalSTRS New&Next Generation Manager Fund,2005,100000000,75257460,135255988,5839314,8.41,CalSTRS,2026-02-18,"FYE June 30, 2025"
"CalSTRS New&Next Generation Manager Fund IV, L.P.",2017,337500000,287623762,55940595,509417230,15.93,CalSTRS,2026-02-18,"FYE June 30, 2025"
"CalSTRS-M2 Private Equity Fund-of-Funds III, L.P.",2018,250000000,223994703,66384921,240871251,10.92,CalSTRS,2026-02-18,"FYE June 30, 2025"
"Capital Partners III, L.P.",2014,22500000,21784253,38587287,10643459,14.40,CalSTRS,2026-02-18,"FYE June 30, 2025"
"Carlyle Asia Partners V, L.P.",2018,250000000,285127294,111381504,234326434,8.01,CalSTRS,2026-02-18,"FYE June 30, 2025"
"Carlyle Europe Partners III, L.P.",2007,446062792,521618885,876522370,2262403,11.08,CalSTRS,2026-02-18,"FYE June 30, 2025"
"Carlyle Europe Partners IV, L.P.",2015,176077418,186890539,242131068,53238063,11.42,CalSTRS,2026-02-18,"FYE June 30, 2025"
"Carlyle Partners V, L.P.",2007,500000000,444284470,853436448,13219657,13.51,CalSTRS,2026-02-18,"FYE June 30, 2025"
"Carlyle Partners VI, L.P.",2013,250000000,255905004,425382240,52890295,13.36,CalSTRS,2026-02-18,"FYE June 30, 2025"
"Carlyle Partners VII, L.P.",2018,500000000,533397060,186149726,557045803,8.32,CalSTRS,2026-02-18,"FYE June 30, 2025"
"Carlyle U.S. Equity Opportunity Fund II, L.P.",2015,150000000,160273981,226429487,76322764,15.28,CalSTRS,2026-02-18,"FYE June 30, 2025"
"Castlelake II, L.P.",2012,50000000,46663983,58158339,7752261,5.76,CalSTRS,2026-02-18,"FYE June 30, 2025"
"Castlelake III, L.P.",2014,100000000,92598965,106208894,28207254,5.99,CalSTRS,2026-02-18,"FYE June 30, 2025"
"Castlelake IV, L.P.",2015,150000000,139724551,141906996,68575010,6.69,CalSTRS,2026-02-18,"FYE June 30, 2025"
"Castlelake V, L.P.",2018,200000000,181290850,181304742,83162969,8.33,CalSTRS,2026-02-18,"FYE June 30, 2025"
"Centerbridge Capital Partners III, L.P.",2015,250000000,344056599,383612749,160094673,14.12,CalSTRS,2026-02-18,"FYE June 30, 2025"
"Centerbridge Capital Partners, LP",2006,150000000,140804727,325249904,,19.07,CalSTRS,2026-02-18,"FYE June 30, 2025"
Centerbridge Capital Prtnrs IV,2021,100000000,109899097,28802452,121435348,15.96,CalSTRS,2026-02-18,"FYE June 30, 2025"
Centerbridge Special Credit III - Flex,2020,87500000,102375000,90006108,57652680,14.44,CalSTRS,2026-02-18,"FYE June 30, 2025"
"Centerbridge Special Credit Partners II, L.P.",2012,250000000,225000000,237163187,228612,1.28,CalSTRS,2026-02-18,"FYE June 30, 2025"
"Centerbridge Special Credit Partners III, L.P.",2016,37500000,45750000,57724607,3109083,9.64,CalSTRS,2026-02-18,"FYE June 30, 2025"
"Centerbridge Special Credit Partners, LP",2009,250000000,163389265,316417997,,13.76,CalSTRS,2026-02-18,"FYE June 30, 2025"
Cerberus Institutional (INTL) Series 1,2008,151410000,130180362,222584421,1117019,10.41,CalSTRS,2026-02-18,"FYE June 30, 2025"
Cerberus Institutional (Series Four) LP,2007,500000000,462475952,853396160,1397866,9.15,CalSTRS,2026-02-18,"FYE June 30, 2025"
Clayton Dubilier Rice XI LP,2021,350000000,305239471,8757525,338999675,4.77,CalSTRS,2026-02-18,"FYE June 30, 2025"
"Clayton, Dubilier & Rice Fund IX, L.P.",2014,200000000,204768022,369017930,113687974,18.86,CalSTRS,2026-02-18,"FYE June 30, 2025"
"Clayton, Dubilier & Rice Fund X, L.P.",2018,250000000,287290015,432904640,218168401,30.37,CalSTRS,2026-02-18,"FYE June 30, 2025"
"Clayton, Dubilier & Rice Fund XII",2024,350000000,138611418,14081257,166606854,37.19,CalSTRS,2026-02-18,"FYE June 30, 2025"
"Clearstone Venture Partners III-A, L.P.",2004,35000000,33950000,70233363,24472289,8.16,CalSTRS,2026-02-18,"FYE June 30, 2025"
"Coller International Partners VI, L.P.",2012,100000000,74591478,121234998,4456614,14.74,CalSTRS,2026-02-18,"FYE June 30, 2025"
"Coller International Partners VII, L.P.",2016,150000000,124514772,156356506,48238409,12.54,CalSTRS,2026-02-18,"FYE June 30, 2025"
"Cortec Group Fund V, L.P.",2011,60000000,61202278,266121235,,30.85,CalSTRS,2026-02-18,"FYE June 30, 2025"
"Cortec Group Fund VI, L.P.",2015,100000000,105599930,138444184,71762825,13.67,CalSTRS,2026-02-18,"FYE June 30, 2025"
"Cortec Group Fund VII, L.P.",2019,100000000,89752733,53423368,97607054,18.39,CalSTRS,2026-02-18,"FYE June 30, 2025"
CVC Capital Partners Asia Pacific III LP,2008,200000000,166723261,279407386,6364103,12.68,CalSTRS,2026-02-18,"FYE June 30, 2025"
CVC Capital Partners Asia Pacific IV,2014,125000000,122068394,152588443,58264054,13.25,CalSTRS,2026-02-18,"FYE June 30, 2025"
CVC Capital Partners Asia V,2020,100000000,100559677,24197411,113331277,12.46,CalSTRS,2026-02-18,"FYE June 30, 2025"
CVC Capital Partners Asia VI,2024,125000000,18781060,2176657,20079960,19.92,CalSTRS,2026-02-18,"FYE June 30, 2025"
CVC Capital Partners IX A LP,2024,375631824,50054039,1058035,56115379,13.52,CalSTRS,2026-02-18,"FYE June 30, 2025"
CVC Capital Partners Strategic Opportunities II L.P.,2020,234769890,196738282,38665384,266258265,19.88,CalSTRS,2026-02-18,"FYE June 30, 2025"
"CVC Capital Partners VII (A), LP",2018,293462363,296016175,244231917,384752453,20.87,CalSTRS,2026-02-18,"FYE June 30, 2025"
CVC Capital Partners VIII (A) L.P.,2021,469539781,411796745,7168650,503578579,9.79,CalSTRS,2026-02-18,"FYE June 30, 2025"
CVC European Equity Partners III L.P.,2001,200000000,198037443,559114510,16001870,40.59,CalSTRS,2026-02-18,"FYE June 30, 2025"
"CVC European Equity Partners IV, L.P.",2005,352154835,349394889,701262495,316948,16.76,CalSTRS,2026-02-18,"FYE June 30, 2025"
"CVC European Equity Partners V, L.P.",2008,369762577,364060374,809937557,10817354,16.47,CalSTRS,2026-02-18,"FYE June 30, 2025"
CVI Credit Value Fund A III,2015,100000000,95000000,123297428,5094620,7.87,CalSTRS,2026-02-18,"FYE June 30, 2025"
DCM IV,2004,15000000,15000000,51112276,,11.85,CalSTRS,2026-02-18,"FYE June 30, 2025"
ECI 10 A LP,2015,41110476,39775214,87650155,2610256,19.42,CalSTRS,2026-02-18,"FYE June 30, 2025"
"EnCap Energy Capital Fund IX, L.P.",2013,150000000,146051218,202983016,35408498,10.87,CalSTRS,2026-02-18,"FYE June 30, 2025"
"EnCap Energy Capital Fund VII, L.P.",2007,250000000,250332708,341140547,,14.35,CalSTRS,2026-02-18,"FYE June 30, 2025"
"EnCap Energy Capital Fund VIII, L.P.",2010,200000000,204477080,147988509,72743446,1.23,CalSTRS,2026-02-18,"FYE June 30, 2025"
"EnCap Energy Capital Fund X, L.P.",2015,200000000,197041669,330298197,96278871,16.18,CalSTRS,2026-02-18,"FYE June 30, 2025"
EnCap Energy Capital Fund XI,2017,300000000,300527606,389486427,193834850,21.32,CalSTRS,2026-02-18,"FYE June 30, 2025"
Encap Flatrock Midstream Fund III,2014,60000000,69876595,77099440,23110161,9.56,CalSTRS,2026-02-18,"FYE June 30, 2025"
Encap Flatrock Midstream Fund IV,2018,91000000,84627704,47772418,60176576,8.12,CalSTRS,2026-02-18,"FYE June 30, 2025"
"Energy Capital Partners III-A, LP",2014,200000000,250361708,344756174,81914508,13.25,CalSTRS,2026-02-18,"FYE June 30, 2025"
"Energy Spectrum Partners VI, L.P.",2011,75000000,62767705,78594165,1251599,6.70,CalSTRS,2026-02-18,"FYE June 30, 2025"
"Energy Spectrum Partners VII, L.P.",2014,75000000,71589880,78346249,18753719,7.62,CalSTRS,2026-02-18,"FYE June 30, 2025"
Equistone Partners Europe Fund IV F L.P.,2012,58692473,65601719,111988675,2839190,14.83,CalSTRS,2026-02-18,"FYE June 30, 2025"
"Equistone Partners Europe Fund V ""D"" L.P",2015,134992687,137667590,155145213,37046689,6.62,CalSTRS,2026-02-18,"FYE June 30, 2025"
"Equistone Partners Europe Fund VI ""E"" SCSp",2018,158469676,150756671,159178852,79601079,16.44,CalSTRS,2026-02-18,"FYE June 30, 2025"
FCO MA II LP,2010,195000000,121578677,249106115,11003130,15.52,CalSTRS,2026-02-18,"FYE June 30, 2025"
"FCO MA III, L.P. PE",2012,200000000,169133910,237431451,8524693,9.41,CalSTRS,2026-02-18,"FYE June 30, 2025"
FCO MA IV L.P. PE,2015,200000000,175175877,172621348,54376218,7.01,CalSTRS,2026-02-18,"FYE June 30, 2025"
FCO MA V L.P.,2019,200000000,319237181,263876569,149464773,13.08,CalSTRS,2026-02-18,"FYE June 30, 2025"
FCO V Expansion Tranche,2020,400000000,362243033,109362013,324928581,10.52,CalSTRS,2026-02-18,"FYE June 30, 2025"
Fortress Credit Opportunities Fund II(A),2010,5000000,3311895,6838228,266709,14.63,CalSTRS,2026-02-18,"FYE June 30, 2025"
"FountainVest China Capital Partners Fund III, LP",2017,150000000,161944686,105806230,161681751,11.51,CalSTRS,2026-02-18,"FYE June 30, 2025"
FountainVest China Growth Cap Fund II LP,2013,45000000,45232473,63947854,2596459,11.40,CalSTRS,2026-02-18,"FYE June 30, 2025"
"FountainVest China Growth Capital Fund, L.P.",2008,50000000,46193335,67298541,81227,6.64,CalSTRS,2026-02-18,"FYE June 30, 2025"
FP Credit Prtnrs Aggregator LP,2020,50000000,30799342,28829187,19593139,16.02,CalSTRS,2026-02-18,"FYE June 30, 2025"
FP Credit Prtnrs II Aggregator,2022,150000000,93911399,24003358,92130403,10.24,CalSTRS,2026-02-18,"FYE June 30, 2025"
Francisco Partners Agility II,2020,50000000,41800000,34255067,54883606,28.67,CalSTRS,2026-02-18,"FYE June 30, 2025"
"Francisco Partners Agility, L.P.",2017,50000000,44502467,171552467,49309042,82.50,CalSTRS,2026-02-18,"FYE June 30, 2025"
"Francisco Partners III, L.P.",2011,75000000,70772970,220331571,24682636,22.95,CalSTRS,2026-02-18,"FYE June 30, 2025"
"Francisco Partners IV, L.P.",2015,140000000,138075161,328461495,93505142,25.85,CalSTRS,2026-02-18,"FYE June 30, 2025"
"Francisco Partners V, L.P.",2018,200000000,194100000,177483736,256184956,18.14,CalSTRS,2026-02-18,"FYE June 30, 2025"
"Francisco Partners VI, L.P.",2021,300000000,291750000,50074269,375862438,14.12,CalSTRS,2026-02-18,"FYE June 30, 2025"
"Frazier Healthcare Ventures V, L.P.",2005,47473830,47473830,108007181,,14.73,CalSTRS,2026-02-18,"FYE June 30, 2025"
"FS Equity Partners V, L.P.",2003,95000000,76968708,161165244,,15.18,CalSTRS,2026-02-18,"FYE June 30, 2025"
"Genstar Capital Partners V, L.P.",2007,70000000,63660708,153488227,,15.53,CalSTRS,2026-02-18,"FYE June 30, 2025"
"GGV Capital IV, L.P.",2011,60000000,62778472,103164321,2788798,8.32,CalSTRS,2026-02-18,"FYE June 30, 2025"
"GGV Capital Select, L.P",2015,50000000,47750000,45463616,11809346,2.90,CalSTRS,2026-02-18,"FYE June 30, 2025"
GGV Capital V L.P.,2014,50000000,51049926,137509486,103261810,24.13,CalSTRS,2026-02-18,"FYE June 30, 2025"
"GGV Capital VI Plus, L.P.",2018,15000000,14175000,18079902,7873382,14.67,CalSTRS,2026-02-18,"FYE June 30, 2025"
"GGV Capital VI, L.P.",2016,45000000,44550000,26971986,46595549,8.43,CalSTRS,2026-02-18,"FYE June 30, 2025"
GGV Capital VII L.P.,2019,48000000,46320000,2464334,48830309,2.13,CalSTRS,2026-02-18,"FYE June 30, 2025"
GGV Capital VII Plus L.P.,2019,12000000,11700000,1230037,13109026,4.15,CalSTRS,2026-02-18,"FYE June 30, 2025"
"GGV Discovery III, LP",2021,30000000,21150000,2052989,23504817,7.05,CalSTRS,2026-02-18,"FYE June 30, 2025"
GI Data Infrastructure Fund LP,2020,150000000,138208705,18103087,166221016,10.91,CalSTRS,2026-02-18,"FYE June 30, 2025"
"GI Partners V, L.P.",2018,250000000,288908362,189796607,314816010,15.40,CalSTRS,2026-02-18,"FYE June 30, 2025"
"Gores Capital Partners II, L.P.",2007,100000000,97830638,131959308,508671,7.20,CalSTRS,2026-02-18,"FYE June 30, 2025"
"Gores Small Capitalization Partners, L.P.",2012,30000000,27416807,46263727,35052,16.36,CalSTRS,2026-02-18,"FYE June 30, 2025"
"GSO Capital Opportunities Fund II, LP",2011,250000000,234579167,308091649,6012929,10.31,CalSTRS,2026-02-18,"FYE June 30, 2025"
GSO Capital Opportunities Fund III,2016,250000000,291782264,342995341,40646517,11.63,CalSTRS,2026-02-18,"FYE June 30, 2025"
"GSO Capital Opportunities Fund, L.P.",2008,100000000,97464174,160504110,2687825,17.08,CalSTRS,2026-02-18,"FYE June 30, 2025"
"GSO Capital Solutions Fund II, L.P.",2014,125000000,112239142,107348673,6456154,0.71,CalSTRS,2026-02-18,"FYE June 30, 2025"
GSO Capital Solutions Fund III LP,2018,250000000,198985231,194543813,36846539,9.74,CalSTRS,2026-02-18,"FYE June 30, 2025"
"H&F Samson Hockey 1, LP (Hub)",2020,0,16908057,16842089,28128496,33.68,CalSTRS,2026-02-18,"FYE June 30, 2025"
"Hellman & Friedman Capital Partners IX, L.P.",2020,450000000,478117434,66658475,754055184,14.00,CalSTRS,2026-02-18,"FYE June 30, 2025"
"Hellman & Friedman Capital Partners VII, L.P.",2011,100000000,95644864,315368625,8089051,24.53,CalSTRS,2026-02-18,"FYE June 30, 2025"
"Hellman & Friedman Capital Partners VIII, L.P.",2016,200000000,206908296,137213851,219768188,10.54,CalSTRS,2026-02-18,"FYE June 30, 2025"
Hellman & Friedman Partners X,2021,600000000,569219324,82110972,576355078,6.04,CalSTRS,2026-02-18,"FYE June 30, 2025"
HF Project Shield (Verisure),2020,0,56924080,10634161,87812557,15.01,CalSTRS,2026-02-18,"FYE June 30, 2025"
HF Samson Brunello (TeamSystem),2021,0,12741798,8522275,36474835,36.21,CalSTRS,2026-02-18,"FYE June 30, 2025"
Hg Genesis 9 A L.P.,2021,117384945,95810546,38952188,109779296,16.32,CalSTRS,2026-02-18,"FYE June 30, 2025"
Hg Mercury 3 A L.P.,2021,25824688,17148081,8899657,19492025,23.67,CalSTRS,2026-02-18,"FYE June 30, 2025"
Hg Saturn 2 A LP,2020,150000000,139631384,41188325,165037109,15.74,CalSTRS,2026-02-18,"FYE June 30, 2025"
HgCapital 7 C L.P.,2013,68517460,62950727,136006114,7349960,17.69,CalSTRS,2026-02-18,"FYE June 30, 2025"
HgCapital 8 A L.P.,2018,93183746,77569788,137839994,66436987,34.76,CalSTRS,2026-02-18,"FYE June 30, 2025"
HGGC III,2017,100000000,100077514,181012593,49652289,25.44,CalSTRS,2026-02-18,"FYE June 30, 2025"
"Huntsman Gay Capital Partners Fund, LP",2008,100000000,99986293,134564512,,9.98,CalSTRS,2026-02-18,"FYE June 30, 2025"
ICG Strategic Equity Fund III LP,2020,150000000,108800942,121013251,109807534,24.46,CalSTRS,2026-02-18,"FYE June 30, 2025"
ICG Strategic Equity Fund IV,2021,250000000,261282853,72488333,280408276,14.55,CalSTRS,2026-02-18,"FYE June 30, 2025"
ICG Strategic Equity Fund V LP,2024,100000000,25300000,93111,37447251,149.43,CalSTRS,2026-02-18,"FYE June 30, 2025"
"ICV Partners IV, L.P.",2018,60000000,64509573,41427717,44267381,11.42,CalSTRS,2026-02-18,"FYE June 30, 2025"
"InterWest Partners IX, L.P.",2005,40000000,40000000,52812496,,4.52,CalSTRS,2026-02-18,"FYE June 30, 2025"
"J.H. Whitney VI, L.P.",2005,75000000,74296328,74687095,53004180,5.89,CalSTRS,2026-02-18,"FYE June 30, 2025"
"JMI Equity Fund IX-A, L.P.",2019,120000000,134777613,124286633,163347470,22.54,CalSTRS,2026-02-18,"FYE June 30, 2025"
"JMI Equity Fund VII, L.P.",2011,50000000,48946622,123147794,,17.73,CalSTRS,2026-02-18,"FYE June 30, 2025"
"JMI Equity Fund VIII, L.P.",2015,100000000,111363616,217377372,55357337,26.70,CalSTRS,2026-02-18,"FYE June 30, 2025"
JMI Equity Fund X A L.P.,2021,170000000,171870000,17082890,233272516,13.74,CalSTRS,2026-02-18,"FYE June 30, 2025"
KKR 2006 Fund L.P.,2007,300000000,311779643,554108979,,8.35,CalSTRS,2026-02-18,"FYE June 30, 2025"
KKR Americas Fund XII L.P.,2017,300000000,305245111,277764543,381889015,19.40,CalSTRS,2026-02-18,"FYE June 30, 2025"
KKR Asian Fund III,2018,180000000,176173192,150105896,200074543,19.11,CalSTRS,2026-02-18,"FYE June 30, 2025"
KKR Asian Fund IV SCSp,2021,300000000,198573032,38855266,265967482,19.22,CalSTRS,2026-02-18,"FYE June 30, 2025"
KKR North America Fund XI,2013,150000000,160433428,330537704,54562826,18.87,CalSTRS,2026-02-18,"FYE June 30, 2025"
KKR North America XIII SCSp,2022,275000000,241297073,5184740,284373555,10.82,CalSTRS,2026-02-18,"FYE June 30, 2025"
"LAV Biosciences Fund IV, L.P.",2017,40000000,47341882,40073757,49064373,14.85,CalSTRS,2026-02-18,"FYE June 30, 2025"
"LAV Biosciences Fund V, L.P.",2019,42500000,50291486,16601721,48575855,6.63,CalSTRS,2026-02-18,"FYE June 30, 2025"
"LAV Fund VI Opportunities, L.P.",2021,24000000,17960765,2661235,17201431,3.44,CalSTRS,2026-02-18,"FYE June 30, 2025"
"LAV Fund VI, L.P.",2021,48000000,41361054,12305638,40519718,9.76,CalSTRS,2026-02-18,"FYE June 30, 2025"
"Littlejohn Fund V, L.P.",2014,75000000,83208492,84194188,29077003,5.93,CalSTRS,2026-02-18,"FYE June 30, 2025"
"Littlejohn Fund VI, L.P.",2019,150000000,145226903,63246040,183257402,21.63,CalSTRS,2026-02-18,"FYE June 30, 2025"
"Lone Star Fund XI, L.P.",2019,200000000,195161235,174242492,133191809,25.09,CalSTRS,2026-02-18,"FYE June 30, 2025"
"M2 Private Equity Fund-of-Funds II, L.P.",2014,100000000,109246976,132268530,35988503,10.99,CalSTRS,2026-02-18,"FYE June 30, 2025"
Madison Dearborn Capital VII-A/B,2015,200000000,203922631,211461268,168568142,13.27,CalSTRS,2026-02-18,"FYE June 30, 2025"
"MBK Partners Fund V, L.P.",2021,200000000,177595208,5971905,218401037,10.68,CalSTRS,2026-02-18,"FYE June 30, 2025"
MBK Partners IV,2017,155000000,154872932,61860542,181656465,9.60,CalSTRS,2026-02-18,"FYE June 30, 2025"
"Nautic Partners V, L.P.",2000,200000000,193389167,404777699,40995,16.76,CalSTRS,2026-02-18,"FYE June 30, 2025"
"Navis Asia Fund V, L.P.",2007,100000000,100354009,144789187,11409608,6.53,CalSTRS,2026-02-18,"FYE June 30, 2025"
"NEA 15 Opportunity Fund, L.P.",2015,35000000,34825000,50206375,77983757,25.23,CalSTRS,2026-02-18,"FYE June 30, 2025"
"New Enterprise Associates 10, L.P.",2000,200000000,200000000,224566700,8934168,2.25,CalSTRS,2026-02-18,"FYE June 30, 2025"
New Enterprise Associates 12,2006,160000000,157600000,217684587,3865238,6.25,CalSTRS,2026-02-18,"FYE June 30, 2025"
"New Enterprise Associates 14, L.P.",2012,160000000,156800000,235205505,225292769,14.90,CalSTRS,2026-02-18,"FYE June 30, 2025"
"New Enterprise Associates 15, LP",2015,195000000,187200000,196845716,130487859,10.00,CalSTRS,2026-02-18,"FYE June 30, 2025"
"New Enterprise Associates 16, LP",2017,300000000,282000000,119178821,309534325,8.15,CalSTRS,2026-02-18,"FYE June 30, 2025"
"New Enterprise Associates 17, L.P.",2019,225000000,199687500,32038414,202481015,4.54,CalSTRS,2026-02-18,"FYE June 30, 2025"
New Enterprise Associates 18,2022,40000000,23400000,2637829,40967338,40.52,CalSTRS,2026-02-18,"FYE June 30, 2025"
"New Enterprise Associates XI, L.P.",2004,75000000,75000000,192427416,6158504,15.34,CalSTRS,2026-02-18,"FYE June 30, 2025"
"New Enterprise Associates XIII, LP",2009,65000000,65000000,166494000,9836123,16.75,CalSTRS,2026-02-18,"FYE June 30, 2025"
"New Enterprises Associates VIII, L.P.",1998,50000000,50000000,81810107,1149604,30.60,CalSTRS,2026-02-18,"FYE June 30, 2025"
Oak HC FT Partners V LP,2022,100000000,57414289,7780846,58903461,16.46,CalSTRS,2026-02-18,"FYE June 30, 2025"
Oaktree European Principal Fund III U.S.,2011,75000000,55322196,63090307,13702237,4.85,CalSTRS,2026-02-18,"FYE June 30, 2025"
"OCM Opportunities Fund VII, L.P.",2007,115640000,115640000,160026704,,7.30,CalSTRS,2026-02-18,"FYE June 30, 2025"
"OCM Opportunities Fund VIIb, L.P.",2008,300000000,230783818,428392230,,16.40,CalSTRS,2026-02-18,"FYE June 30, 2025"
"Olympus Growth Fund V, L.P.",2008,75000000,69589308,153621284,,15.73,CalSTRS,2026-02-18,"FYE June 30, 2025"
"Olympus Growth Fund VI, L.P.",2014,250000000,233088485,444528477,38897988,16.09,CalSTRS,2026-02-18,"FYE June 30, 2025"
"Olympus Growth Fund VII, L.P.",2019,350000000,375771899,375572757,391846107,26.40,CalSTRS,2026-02-18,"FYE June 30, 2025"
ONCAP III LP,2011,21986075,26087335,56921046,3501801,15.03,CalSTRS,2026-02-18,"FYE June 30, 2025"
"Onex Partners I, L.P.",2004,100000000,95358713,292177762,480014,37.99,CalSTRS,2026-02-18,"FYE June 30, 2025"
"Onex Partners II, L.P.",2006,150000000,133190079,241291712,460460,12.66,CalSTRS,2026-02-18,"FYE June 30, 2025"
"Onex Partners III, L.P.",2008,175000000,160237034,266687507,25579242,11.23,CalSTRS,2026-02-18,"FYE June 30, 2025"
"Onex Partners IV, L.P.",2014,200000000,217020623,231255480,72554607,6.92,CalSTRS,2026-02-18,"FYE June 30, 2025"
"Onex Partners V, L.P.",2019,250000000,228645781,38407204,305474691,12.00,CalSTRS,2026-02-18,"FYE June 30, 2025"
"OrbiMed Private Investments IV, L.P.",2010,40000000,42717841,130403898,2941737,31.75,CalSTRS,2026-02-18,"FYE June 30, 2025"
OrbiMed Private Investments IX LP,2022,75000000,37688957,10434980,37009484,24.08,CalSTRS,2026-02-18,"FYE June 30, 2025"
OrbiMed Private Investments V,2013,40000000,51717440,116407056,10049544,38.16,CalSTRS,2026-02-18,"FYE June 30, 2025"
OrbiMed Private Investments VIII LP,2020,50000000,41281805,12534068,36779925,6.88,CalSTRS,2026-02-18,"FYE June 30, 2025"
"OrbiMed Royalty & Credit Opportunities III, LP",2019,50000000,63495340,60251982,16008574,15.06,CalSTRS,2026-02-18,"FYE June 30, 2025"
OrbiMed Royalty Credit Opps IV,2022,75000000,68234445,39437462,36259414,13.22,CalSTRS,2026-02-18,"FYE June 30, 2025"
PAG Asia I LP,2011,125000000,125250432,241192866,10156729,16.61,CalSTRS,2026-02-18,"FYE June 30, 2025"
PAG Asia II LP,2016,150000000,150206633,146555932,99668094,9.51,CalSTRS,2026-02-18,"FYE June 30, 2025"
PAG Asia III LP,2019,250000000,251990319,79351071,248881625,8.09,CalSTRS,2026-02-18,"FYE June 30, 2025"
"Palladium Equity Partners IV, L.P.",2012,90000000,100012830,93113027,81121088,10.24,CalSTRS,2026-02-18,"FYE June 30, 2025"
"Palladium Equity Partners V, L.P.",2018,100000000,90969776,58216732,94259712,14.86,CalSTRS,2026-02-18,"FYE June 30, 2025"
"Paul Capital VIII-B, L.P.",2004,50000000,49246837,65601790,550890,7.61,CalSTRS,2026-02-18,"FYE June 30, 2025"
Peak Rock Capital Credit Fund II L.P.,2017,20000000,27938868,28698603,2505849,14.02,CalSTRS,2026-02-18,"FYE June 30, 2025"
Peak Rock Capital Fund II L.P.,2017,80000000,58627874,104868885,17347379,34.56,CalSTRS,2026-02-18,"FYE June 30, 2025"
Peak Rock Capital Fund III,2021,200000000,149996781,46061617,201135008,28.23,CalSTRS,2026-02-18,"FYE June 30, 2025"
Peak Rock Capital Fund LP,2013,50000000,46249093,50116627,22072909,15.97,CalSTRS,2026-02-18,"FYE June 30, 2025"
Peak Rock Real Estate Fund I,2021,14991002,16996039,12694438,6476653,7.86,CalSTRS,2026-02-18,"FYE June 30, 2025"
Permira Europe II,2000,352154835,310169279,616648199,,23.51,CalSTRS,2026-02-18,"FYE June 30, 2025"
Permira Europe III,2004,352154835,398115773,658911238,213098,24.15,CalSTRS,2026-02-18,"FYE June 30, 2025"
Permira Growth Opportunities I L.P.1,2019,100000000,104383219,26431017,110215605,8.00,CalSTRS,2026-02-18,"FYE June 30, 2025"
Permira Growth Opps II SCSp,2022,150000000,91400092,6226016,86374784,0.84,CalSTRS,2026-02-18,"FYE June 30, 2025"
Permira IV,2006,821694616,952937868,1478362247,212023408,9.01,CalSTRS,2026-02-18,"FYE June 30, 2025"
"Permira V, L.P.",2014,264116127,274754989,686844710,71601424,20.63,CalSTRS,2026-02-18,"FYE June 30, 2025"
"Permira VI, L.P.1",2016,352154835,326215749,345245884,307310373,14.87,CalSTRS,2026-02-18,"FYE June 30, 2025"
Permira VII L.P.1,2020,528232253,501831038,85216258,603581760,8.80,CalSTRS,2026-02-18,"FYE June 30, 2025"
Permira VIII 1 SCSp,2023,363893330,164363272,4871199,201656749,17.37,CalSTRS,2026-02-18,"FYE June 30, 2025"
"Pond Ventures III, L.P.",2006,10000000,9108773,17159756,,12.36,CalSTRS,2026-02-18,"FYE June 30, 2025"
"Providence Equity Partners V, L.P.",2005,350000000,319205004,395168169,,3.04,CalSTRS,2026-02-18,"FYE June 30, 2025"
"Providence Equity Partners VI, L.P.",2007,700000000,676085997,1004572192,2520389,5.91,CalSTRS,2026-02-18,"FYE June 30, 2025"
"Quadrangle Capital Partners II, L.P.",2005,100000000,86077968,129556581,484710,6.85,CalSTRS,2026-02-18,"FYE June 30, 2025"
Reverence Cap PTR Op Fd V (PE Fd III),2023,50000000,35867977,1226876,48009465,29.18,CalSTRS,2026-02-18,"FYE June 30, 2025"
"Riverstone/Carlyle Renewable and Alternative Energy Fund II, L.P.",2008,300000000,226912175,255084806,2309870,1.97,CalSTRS,2026-02-18,"FYE June 30, 2025"
Riverwood Capital Partners III,2020,100000000,106454611,30477212,137516899,15.82,CalSTRS,2026-02-18,"FYE June 30, 2025"
"RRJ Capital Master Fund III, L.P.",2015,200000000,204820616,187274385,59532856,7.35,CalSTRS,2026-02-18,"FYE June 30, 2025"
"RRJ Capital Master Fund IV, L.P.",2021,150000000,115258771,54983429,82131043,16.07,CalSTRS,2026-02-18,"FYE June 30, 2025"
Rubicon Technology Partners III L.P.,2020,100000000,98956030,27670517,92821602,5.64,CalSTRS,2026-02-18,"FYE June 30, 2025"
Rubicon Technology Partners IV,2022,100000000,48592922,321807,53378376,7.07,CalSTRS,2026-02-18,"FYE June 30, 2025"
"Sankaty Credit Opportunities II, L.P.",2005,75000000,75000000,96574168,18882,3.94,CalSTRS,2026-02-18,"FYE June 30, 2025"
"Sankaty Credit Opportunities III, LP",2007,300000000,300000000,353933866,156335,2.42,CalSTRS,2026-02-18,"FYE June 30, 2025"
"Sankaty Credit Opportunities IV, L.P.",2008,250000000,237500000,351655607,1654262,11.58,CalSTRS,2026-02-18,"FYE June 30, 2025"
Searchlight Capital III LP,2020,150000000,152303436,69702642,197004768,22.90,CalSTRS,2026-02-18,"FYE June 30, 2025"
Searchlight Capital IV LP,2024,150000000,45108698,163002,54160799,34.21,CalSTRS,2026-02-18,"FYE June 30, 2025"
"Shasta Ventures II, L.P.",2008,22500000,21600000,89608608,1621448,20.00,CalSTRS,2026-02-18,"FYE June 30, 2025"
"Shasta Ventures III, L.P.",2012,26500000,25705000,34848606,13465987,7.48,CalSTRS,2026-02-18,"FYE June 30, 2025"
"Shasta Ventures V, L.P.",2017,35000000,31500000,12138930,64625674,14.79,CalSTRS,2026-02-18,"FYE June 30, 2025"
"Siris Partners IV, L.P.",2019,100000000,116589154,40587559,112047177,8.00,CalSTRS,2026-02-18,"FYE June 30, 2025"
Sixth Street Cap Solutions (A),2019,100000000,74072012,57800756,51385612,10.49,CalSTRS,2026-02-18,"FYE June 30, 2025"
Sixth Street Growth Partnrs II,2022,150000000,65384002,2621638,76034893,10.50,CalSTRS,2026-02-18,"FYE June 30, 2025"
"Sixth Street Opportunities Partners II, L.P.",2012,35438698,24251956,46273748,188578,18.84,CalSTRS,2026-02-18,"FYE June 30, 2025"
"Sixth Street Opportunities Partners III (A), L.P.",2014,150000000,80522422,102306213,23978492,8.86,CalSTRS,2026-02-18,"FYE June 30, 2025"
"Sixth Street Opportunities Partners IV (A), L.P.",2019,150000000,121569215,72598361,108093763,10.93,CalSTRS,2026-02-18,"FYE June 30, 2025"
Sixth Street Opps Partners V,2022,150000000,121289131,17005555,124865133,9.02,CalSTRS,2026-02-18,"FYE June 30, 2025"
Sixth Street TAO Partners (B) LP,2020,250000000,193513492,16983442,246333589,11.24,CalSTRS,2026-02-18,"FYE June 30, 2025"
Sofinnova Venture Partners IX,2014,50000000,50000000,50558033,22856694,7.25,CalSTRS,2026-02-18,"FYE June 30, 2025"
"Sofinnova Venture Partners VIII, L.P.",2011,30000000,30000000,51928291,,21.89,CalSTRS,2026-02-18,"FYE June 30, 2025"
"Spectrum Equity Investors VI, L.P.",2010,70000000,64944368,176891075,1792124,21.83,CalSTRS,2026-02-18,"FYE June 30, 2025"
"Spectrum Equity IX - A, L.P.",2020,125000000,121250000,13216482,125755640,4.50,CalSTRS,2026-02-18,"FYE June 30, 2025"
"Spectrum Equity VII, L.P.",2014,105000000,110383799,311116176,101048209,37.22,CalSTRS,2026-02-18,"FYE June 30, 2025"
"Spectrum Equity VIII-A, L.P.",2018,110000000,114404626,165922170,97139733,29.59,CalSTRS,2026-02-18,"FYE June 30, 2025"
Spectrum VIII-A Discretionary Overage Program,2019,20000000,19321646,46332352,11241340,91.26,CalSTRS,2026-02-18,"FYE June 30, 2025"
"SSG Capital Partners III, LP",2014,75000000,92277258,114523453,1306529,8.25,CalSTRS,2026-02-18,"FYE June 30, 2025"
SSG Capital Partners IV,2017,150000000,220012658,217303208,45785940,7.91,CalSTRS,2026-02-18,"FYE June 30, 2025"
"SSG Capital Partners V, L.P.",2019,150000000,204474232,219358352,16432963,14.30,CalSTRS,2026-02-18,"FYE June 30, 2025"
"Strategic Investors Fund IX-B, L.P.",2018,75000000,67350000,2362500,121594245,13.63,CalSTRS,2026-02-18,"FYE June 30, 2025"
"Strategic Investors Fund VIII-B, L.P.",2016,40000000,34436820,19311672,89125459,20.51,CalSTRS,2026-02-18,"FYE June 30, 2025"
"Strategic Investors V-B, L.P.",2012,43711765,38051696,158541310,54146044,25.29,CalSTRS,2026-02-18,"FYE June 30, 2025"
Strategic Investors VI-A,2013,45000000,43572473,85451518,90979315,19.58,CalSTRS,2026-02-18,"FYE June 30, 2025"
Strategic Investors VII-A,2015,47000000,44741597,65456929,93192342,20.42,CalSTRS,2026-02-18,"FYE June 30, 2025"
"Strategic Investors X-B, L.P.",2020,75000000,68295000,74152,89156411,8.67,CalSTRS,2026-02-18,"FYE June 30, 2025"
"Strategic Partners Fund VII, L.P.",2016,250000000,195695935,261307065,78387341,16.72,CalSTRS,2026-02-18,"FYE June 30, 2025"
Strategic Partners IX L.P.,2022,250000000,149241167,14837083,186965876,22.20,CalSTRS,2026-02-18,"FYE June 30, 2025"
Strategic Partners VIII,2019,500000000,420500338,351538051,313684085,21.62,CalSTRS,2026-02-18,"FYE June 30, 2025"
"Summit Partners Credit Fund B-2, L.P.",2014,120000000,122434294,113058778,19213577,2.55,CalSTRS,2026-02-18,"FYE June 30, 2025"
Summit Partners Europe GE III,2021,117384945,106372713,25285274,131550281,15.49,CalSTRS,2026-02-18,"FYE June 30, 2025"
"Summit Partners Europe Growth Equity Fund II, SCSP",2018,58692473,66257088,121946185,94621741,60.52,CalSTRS,2026-02-18,"FYE June 30, 2025"
Summit Partners Europe PE Fund,2009,58692473,57489625,150649540,,18.50,CalSTRS,2026-02-18,"FYE June 30, 2025"
"Summit Partners Growth Eqty Fd IX-A,L.P.",2017,200000000,241074194,323183299,197490024,23.61,CalSTRS,2026-02-18,"FYE June 30, 2025"
Summit Partners Growth Equity Fund X-A,2020,300000000,294043262,96031854,339312807,12.79,CalSTRS,2026-02-18,"FYE June 30, 2025"
Summit Partners Growth Equity VIII-A,2012,100000000,93511585,238404898,11278188,25.35,CalSTRS,2026-02-18,"FYE June 30, 2025"
"Summit Partners Private Equity Fund VII-A, L.P.",2006,100000000,100000000,183326962,4142567,10.18,CalSTRS,2026-02-18,"FYE June 30, 2025"
Summit Partners VC Fd V-A L.P.,2021,90000000,82459375,3997607,88530135,5.27,CalSTRS,2026-02-18,"FYE June 30, 2025"
"Summit Partners Venture Capital Fund IV-A, L.P.",2016,50000000,60410702,64627759,100177453,34.25,CalSTRS,2026-02-18,"FYE June 30, 2025"
Summit Partners Venture Capital III-A,2012,20000000,20187044,42780542,7511033,17.79,CalSTRS,2026-02-18,"FYE June 30, 2025"
Summit Prtnrs Growth Eqty XI A,2022,450000000,214848815,1833426,219509370,1.98,CalSTRS,2026-02-18,"FYE June 30, 2025"
Summit Ptrs Reinvestment Fund,2021,60636711,65808173,64656846,26799101,15.81,CalSTRS,2026-02-18,"FYE June 30, 2025"
"Summit Subordinated Debt Fund III, L.P.",2004,30000000,28156118,40633281,515062,8.58,CalSTRS,2026-02-18,"FYE June 30, 2025"
"Summit Subordinated Debt Fund IV, L.P.",2009,40000000,24845945,40372855,318791,9.68,CalSTRS,2026-02-18,"FYE June 30, 2025"
"TA Select Opps Fund-A, L.P.",2020,75000000,73875000,937500,108237816,9.31,CalSTRS,2026-02-18,"FYE June 30, 2025"
"TA Subordinated Debt Fund III, L.P.",2010,20000000,19500000,38672271,276857,16.61,CalSTRS,2026-02-18,"FYE June 30, 2025"
"TA XI, L.P.",2010,80000000,78800000,288834213,9826034,26.59,CalSTRS,2026-02-18,"FYE June 30, 2025"
"TA XII, L.P.",2016,180000000,178200000,420742050,171028472,34.52,CalSTRS,2026-02-18,"FYE June 30, 2025"
"TA XIII-A, L.P.",2019,280000000,298662621,224462621,342353614,22.36,CalSTRS,2026-02-18,"FYE June 30, 2025"
"TA XIV A, LP",2021,400000000,391000001,32000001,435837661,7.86,CalSTRS,2026-02-18,"FYE June 30, 2025"
"TCV VII, L.P.",2008,200000000,196800000,618766538,3939740,23.17,CalSTRS,2026-02-18,"FYE June 30, 2025"
"TCV X, L.P.",2019,88000000,66046900,36981750,144778964,22.85,CalSTRS,2026-02-18,"FYE June 30, 2025"
"Tenex Capital Partners II, L.P.",2016,75000000,85641402,131879717,55526696,22.21,CalSTRS,2026-02-18,"FYE June 30, 2025"
"Tenex Capital Partners III, L.P.",2021,100000000,107899114,66455561,111063669,56.85,CalSTRS,2026-02-18,"FYE June 30, 2025"
The Resolute Fund III,2014,100000000,99429510,188782618,5338,18.67,CalSTRS,2026-02-18,"FYE June 30, 2025"
"The Resolute Fund IV, L.P.",2018,150000000,171374429,161826949,288883936,32.52,CalSTRS,2026-02-18,"FYE June 30, 2025"
"The Resolute Fund V, L.P.",2021,250000000,235504343,18812062,345686415,15.84,CalSTRS,2026-02-18,"FYE June 30, 2025"
"Thoma Bravo Discover Fund II, L.P.",2018,100000000,107086278,119194697,114291926,21.86,CalSTRS,2026-02-18,"FYE June 30, 2025"
"Thoma Bravo Discover Fund III, L.P.",2021,100000000,100682380,4579166,143096337,11.38,CalSTRS,2026-02-18,"FYE June 30, 2025"
Thoma Bravo Discover IV,2022,100000000,89769946,18220188,102438371,21.32,CalSTRS,2026-02-18,"FYE June 30, 2025"
Thoma Bravo Fund X,2012,100000000,86214524,326342183,21688770,37.95,CalSTRS,2026-02-18,"FYE June 30, 2025"
Thoma Bravo Fund XI,2014,75000000,79099825,246224828,39305953,26.13,CalSTRS,2026-02-18,"FYE June 30, 2025"
"Thoma Bravo Fund XII, L.P.",2016,250000000,274422154,460212654,136781640,15.07,CalSTRS,2026-02-18,"FYE June 30, 2025"
"Thoma Bravo Fund XIII, L.P.",2019,300000000,368727918,372337132,356524638,22.62,CalSTRS,2026-02-18,"FYE June 30, 2025"
Thoma Bravo Fund XIV,2021,300000000,324641678,104097648,300532611,6.83,CalSTRS,2026-02-18,"FYE June 30, 2025"
"Thoma Bravo Fund XV, L.P.",2022,300000000,258417627,10118485,345210820,15.02,CalSTRS,2026-02-18,"FYE June 30, 2025"
"Thoma Bravo Special Opportunities Fund II, L.P.",2015,35000000,36249940,64513943,26431841,15.94,CalSTRS,2026-02-18,"FYE June 30, 2025"
"Thoma Bravo Special Opps Fund I, L.P.",2013,31400000,24733935,98319136,,34.07,CalSTRS,2026-02-18,"FYE June 30, 2025"
"Thoma Cressey Fund VII, L.P.",2001,100000000,100354110,213626340,,24.02,CalSTRS,2026-02-18,"FYE June 30, 2025"
"TPG Asia V, L.P.",2007,180000000,152971171,222107561,6760302,6.27,CalSTRS,2026-02-18,"FYE June 30, 2025"
"TPG Asia VII (A), L.P.",2019,150000000,163704659,105004682,133958640,11.22,CalSTRS,2026-02-18,"FYE June 30, 2025"
"TPG Growth II, LP",2011,125000000,126546522,241368595,53488144,15.73,CalSTRS,2026-02-18,"FYE June 30, 2025"
"TPG Growth III (A), L.P.",2016,200000000,220544821,264217956,102064812,15.21,CalSTRS,2026-02-18,"FYE June 30, 2025"
"TPG Growth IV, L.P.",2018,200000000,225809187,222504796,157063313,14.34,CalSTRS,2026-02-18,"FYE June 30, 2025"
TPG Growth V L.P.,2021,100000000,102504714,21265268,124073515,14.50,CalSTRS,2026-02-18,"FYE June 30, 2025"
"TPG Partners IV, L.P.",2003,350000000,324101605,678730330,757408,15.15,CalSTRS,2026-02-18,"FYE June 30, 2025"
"TPG Partners IX, L.P.",2023,200000000,122938239,1627536,146349336,22.67,CalSTRS,2026-02-18,"FYE June 30, 2025"
"TPG Partners V, L.P.",2006,1000000000,869026694,1247622182,,4.80,CalSTRS,2026-02-18,"FYE June 30, 2025"
"TPG Partners VI, L.P.",2008,450000000,430418386,665947832,3921331,9.38,CalSTRS,2026-02-18,"FYE June 30, 2025"
"TPG Partners VIII, L.P.",2019,200000000,205120088,84113642,235988949,17.23,CalSTRS,2026-02-18,"FYE June 30, 2025"
"Trident IX, L.P.",2022,300000000,267090842,33208300,313840660,18.27,CalSTRS,2026-02-18,"FYE June 30, 2025"
"Trident VII, L.P.",2017,150000000,179853766,172973686,231576945,18.60,CalSTRS,2026-02-18,"FYE June 30, 2025"
"Trident VIII, L.P.",2020,250000000,248429258,84957014,306076872,12.70,CalSTRS,2026-02-18,"FYE June 30, 2025"
Triton Fund II L.P.,2006,58692473,64983822,148534576,315916,18.57,CalSTRS,2026-02-18,"FYE June 30, 2025"
"Triton Fund IV, L.P.",2013,58692473,55277130,59333471,49488298,12.22,CalSTRS,2026-02-18,"FYE June 30, 2025"
"Triton Fund V, L.P.",2019,117384945,116032965,55488430,140154010,18.42,CalSTRS,2026-02-18,"FYE June 30, 2025"
"Valor Equity Partners IV, L.P.",2018,40000000,39851034,8700204,117459844,20.19,CalSTRS,2026-02-18,"FYE June 30, 2025"
"Valor Equity Partners V, L.P.",2021,40000000,38143042,2403819,68684474,18.02,CalSTRS,2026-02-18,"FYE June 30, 2025"
"Valor Equity Partners VI, L.P.",2023,40000000,27571971,3802,41133383,34.02,CalSTRS,2026-02-18,"FYE June 30, 2025"
"Vestar Capital Partners V, L.P.",2005,150000000,150766214,199607770,,3.88,CalSTRS,2026-02-18,"FYE June 30, 2025"
VIP III LP,2017,179012041,197163315,144601250,296403226,21.57,CalSTRS,2026-02-18,"FYE June 30, 2025"
VIP IV LP,2020,234769890,207096081,3949739,278400859,11.44,CalSTRS,2026-02-18,"FYE June 30, 2025"
Vista Equity Endeavor II,2019,30000000,30993093,3592870,34498837,8.00,CalSTRS,2026-02-18,"FYE June 30, 2025"
"Vista Foundation Fund IV, LP",2020,100000000,88169880,19263,94666511,2.30,CalSTRS,2026-02-18,"FYE June 30, 2025"
"Vivo Capital Fund IX, L.P.",2018,100000000,106598832,74755744,109718642,18.79,CalSTRS,2026-02-18,"FYE June 30, 2025"
"Vivo Capital Fund VIII, L.P.",2015,40000000,40000000,60422517,18161696,14.95,CalSTRS,2026-02-18,"FYE June 30, 2025"
"Vivo Capital Surplus Fund VIII, L.P.",2015,6000000,6000000,9297017,2735214,15.87,CalSTRS,2026-02-18,"FYE June 30, 2025"
"WCAS XIII, L.P.",2019,250000000,246650576,155046984,240899195,18.73,CalSTRS,2026-02-18,"FYE June 30, 2025"
"Welsh, Carson, Anderson & Stowe XI, L.P.",2009,250000000,251761250,417063124,477053,11.45,CalSTRS,2026-02-18,"FYE June 30, 2025"
"Welsh, Carson, Anderson & Stowe XII, L.P.",2015,150000000,150000000,298980537,68574366,24.07,CalSTRS,2026-02-18,"FYE June 30, 2025"
