fund_name,gp_name,vintage_year,committed,cash_in,cash_out,remaining_value,total_value,tvpi,dpi,rvpi,net_irr,source,as_of_date
"Apollo Investment Fund IV, L.P.",Apollo Investment,1998.0,150000000.0,154085315.0,254289011.0,36575.0,254325586.0,1.650550449924446,1.6503130814250533,0.00023736849939269035,0.085,CalPERS,"June 30, 2025"
Blackstone Communications Partners I L.P.,Blackstone Communications,2000.0,100000000.0,111242017.0,136083476.0,30239.0,136113715.0,1.2235818683510566,1.2233100376092605,0.00027183074179606075,0.065,CalPERS,"June 30, 2025"
"CalPERS Corporate Partners, LLC",CalPERS Corporate,2001.0,500000000.0,533507990.0,831997162.0,241.0,831997403.0,1.559484428714929,1.559483976987861,4.5172706785515995e-07,0.09300000000000001,CalPERS,"June 30, 2025"
CVC European Equity Partners III LP,CVC European,2001.0,200000000.0,234497567.0,595574634.0,16002551.0,611577185.0,2.608032112333174,2.5397902486553305,0.06824186367784361,0.41,CalPERS,"June 30, 2025"
"Yucaipa Corporate Initiatives Fund I, L.P.",Yucaipa Corporate,2001.0,200000000.0,288655697.0,222325508.0,3101016.0,225426524.0,0.7809529704172096,0.7702100125188245,0.010742957898385079,-0.037000000000000005,CalPERS,"June 30, 2025"
"California Community Venture Fund, LLC",California Community,2003.0,100000000.0,100067655.0,88478382.0,2863511.0,91341893.0,0.9128013742302645,0.8841856242159367,0.028615750014327805,-0.015,CalPERS,"June 30, 2025"
"Carlyle Europe Partners II, L.P.",Carlyle Europe,2003.0,42191699.0,93186079.0,149009090.0,88217.0,149097307.0,1.5999954993277483,1.5990488235909142,0.0009466757368340393,0.19699999999999998,CalPERS,"June 30, 2025"
"TPG Partners IV, L.P.",TPG Partners,2003.0,200000000.0,225811661.0,428892245.0,432822.0,429325067.0,1.9012528631105547,1.8993361241871385,0.0019167389234163597,0.153,CalPERS,"June 30, 2025"
Permira Europe III,Permira Europe,2004.0,126989866.0,126989866.0,219524851.0,64524.0,219589375.0,1.729188177897597,1.7286800743612092,0.0005081035363876989,0.266,CalPERS,"June 30, 2025"
"Advent International GPE V-D, L.P.",Advent International,2005.0,81099236.0,77609736.0,187471024.0,0.0,187471024.0,2.415560645638583,2.415560645638583,0.0,0.42700000000000005,CalPERS,"June 30, 2025"
"Birch Hill Equity Partners (US) III, LP",Birch Hill,2005.0,126371169.0,142696482.0,271382079.0,0.0,271382079.0,1.9018133817762934,1.9018133817762934,0.0,0.121,CalPERS,"June 30, 2025"
Bridgepoint Europe III 'D' LP,Bridgepoint Europe,2005.0,194508785.0,191932333.0,228563948.0,6175318.0,234739266.0,1.2230313795018581,1.1908569256020036,0.032174453899854384,0.024,CalPERS,"June 30, 2025"
"Carlyle Asia Growth Partners III, L.P.",Carlyle Asia,2005.0,75000000.0,84766869.0,78177512.0,0.0,78177512.0,0.9222649476412772,0.9222649476412772,0.0,-0.013999999999999999,CalPERS,"June 30, 2025"
CVC European Equity Partners IV (D) L.P.,CVC European,2005.0,325959862.0,406865452.0,726781649.0,411676.0,727193325.0,1.7873066425900423,1.7862948191531387,0.0010118234369036574,0.172,CalPERS,"June 30, 2025"
"Apollo Investment Fund VI, L.P.",Apollo Investment,2006.0,520000000.0,866357105.0,1218417644.0,8865862.0,1227283506.0,1.4166023443646831,1.406368848328427,0.010233496036256319,0.08199999999999999,CalPERS,"June 30, 2025"
"ArcLight Energy Partners Fund III, L.P.",ArcLight Energy,2006.0,200000000.0,212312180.0,314980433.0,0.0,314980433.0,1.4835721294934656,1.4835721294934656,0.0,0.086,CalPERS,"June 30, 2025"
Blackstone Capital Partners V L.P.,Blackstone Capital,2006.0,38400000.0,794822847.0,1222737110.0,0.0,1222737110.0,1.5383769032497376,1.5383769032497376,0.0,0.078,CalPERS,"June 30, 2025"
"California Emerging Ventures IV, LLC",California Emerging,2006.0,463143016.0,489333698.0,872675299.0,39237387.0,911912686.0,1.8635803945797331,1.7833950585598133,0.08018533601991988,0.11699999999999999,CalPERS,"June 30, 2025"
"China Privatization Fund (Del), L.P.",China Privatization,2006.0,100000000.0,69317995.0,133415962.0,0.0,133415962.0,1.9246944750782247,1.9246944750782247,0.0,0.13699999999999998,CalPERS,"June 30, 2025"
"Clearwater Capital Partners Fund III, L.P.",Clearwater Capital,2006.0,150000000.0,150000000.0,157031855.0,6709943.0,163741798.0,1.0916119866666667,1.0468790333333333,0.04473295333333333,0.013000000000000001,CalPERS,"June 30, 2025"
"First Reserve Fund XI, L.P.",First Reserve,2006.0,500000000.0,570151741.0,390767883.0,0.0,390767883.0,0.6853752341694594,0.6853752341694594,0.0,-0.095,CalPERS,"June 30, 2025"
"Francisco Partners II, L.P.",Francisco Partners,2006.0,175000000.0,174005517.0,286882216.0,711441.0,287593657.0,1.6527847045217539,1.648696092779633,0.004088611742120797,0.10400000000000001,CalPERS,"June 30, 2025"
KKR 2006 Fund L.P.,KKR 2006,2006.0,400000000.0,595407506.0,940703667.0,0.0,940703667.0,1.5799324958459626,1.5799324958459626,0.0,0.08199999999999999,CalPERS,"June 30, 2025"
"Lime Rock Partners IV, LP",Lime Rock,2006.0,43000000.0,47917078.0,139501029.0,82248.0,139583277.0,2.9130172962550014,2.911300830989736,0.0017164652652651316,0.146,CalPERS,"June 30, 2025"
"Madison Dearborn Capital Partners V, L.P.",Madison Dearborn,2006.0,300000000.0,351612894.0,544926216.0,0.0,544926216.0,1.54979019626055,1.54979019626055,0.0,0.075,CalPERS,"June 30, 2025"
Permira IV L.P.2,Permira IV,2006.0,281647594.0,354598629.0,501970036.0,60462334.0,562432370.0,1.5861098267246825,1.4156006113605137,0.17050921536416883,0.08199999999999999,CalPERS,"June 30, 2025"
"Sacramento Private Equity Partners, L.P.",Sacramento Private,2006.0,537857143.0,527013573.0,1004701814.0,42977479.0,1047679293.0,1.9879550483607753,1.9064059551270798,0.08154909323369552,0.11599999999999999,CalPERS,"June 30, 2025"
"Thomas H. Lee Equity Fund VI, L.P",Thomas H.,2006.0,240000000.0,402954172.0,556367009.0,0.0,556367009.0,1.3807203093060418,1.3807203093060418,0.0,0.07,CalPERS,"June 30, 2025"
"TPG Biotechnology Partners II, L.P.",TPG Biotechnology,2006.0,70000000.0,71952784.0,86914132.0,0.0,86914132.0,1.2079328577473805,1.2079328577473805,0.0,0.028999999999999998,CalPERS,"June 30, 2025"
"TPG Partners V, L.P.",TPG Partners,2006.0,600000000.0,811329685.0,1007256750.0,0.0,1007256750.0,1.2414888406307973,1.2414888406307973,0.0,0.037000000000000005,CalPERS,"June 30, 2025"
"57 Stars Global Opportunities Fund, LLC",57 Stars,2007.0,390500000.0,414697200.0,557770250.0,11902115.0,569672365.0,1.3737068034218702,1.345006067077376,0.028700736344494247,0.059000000000000004,CalPERS,"June 30, 2025"
"AACP AP Investors, L.P.",AACP AP,2007.0,14108080.0,15007205.0,16976917.0,0.0,16976917.0,1.1312510890602214,1.1312510890602214,0.0,0.02,CalPERS,"June 30, 2025"
AACP China Growth Investors,AACP China,2007.0,50000000.0,52040183.0,83160811.0,341281.0,83502092.0,1.6045695304338188,1.5980115019964476,0.006558028437371175,0.079,CalPERS,"June 30, 2025"
AACP India Investors B,AACP India,2007.0,5000000.0,5317745.0,21092084.0,53587.0,21145671.0,3.976435688435606,3.9663586727080746,0.010077015727531124,0.128,CalPERS,"June 30, 2025"
AACP India Venture Investors A,AACP India,2007.0,5000000.0,5065536.0,5653594.0,68797.0,5722391.0,1.1296713714007758,1.1160899853440978,0.013581386056677911,0.019,CalPERS,"June 30, 2025"
"Apollo Special Opportunities Managed Account, L.P.",Apollo Special,2007.0,800000000.0,800000000.0,1092675222.0,5598779.0,1098274001.0,1.37284250125,1.3658440275,0.00699847375,0.038,CalPERS,"June 30, 2025"
"ArcLight Energy Partners Fund IV, L.P.",ArcLight Energy,2007.0,250000000.0,255794752.0,388365992.0,481680.0,388847672.0,1.5201550030236741,1.5182719307704953,0.0018830722531789862,0.126,CalPERS,"June 30, 2025"
"Asia Alternatives Capital Partners, LP",Asia Alternatives,2007.0,50000000.0,53499274.0,95335473.0,350661.0,95686134.0,1.7885501399514319,1.7819956397912988,0.006554500160133014,0.11,CalPERS,"June 30, 2025"
Baring Vostok Private Equity Fund IV L.P. / Supplemental,Baring Vostok,2007.0,77775000.0,91865849.0,99394006.0,731469.0,100125475.0,1.0899096464018962,1.0819472859821935,0.007962360419702864,0.016,CalPERS,"June 30, 2025"
"CalPERS Clean Energy & Technology Fund, LLC",CalPERS Clean,2007.0,465000000.0,468423814.0,132249749.0,5715195.0,137964944.0,0.2945301666494693,0.28232926048460893,0.012200906164860354,-0.18600000000000003,CalPERS,"June 30, 2025"
"Capital Link Fund I, LLC",Capital Link,2007.0,502300000.0,600774708.0,865957934.0,35548162.0,901506096.0,1.500572650604992,1.441402113752099,0.059170536852892947,0.076,CalPERS,"June 30, 2025"
"Carlyle Europe Partners III, L.P.",Carlyle Europe,2007.0,241386586.0,460698733.0,742254678.0,893054.0,743147732.0,1.6130882912586608,1.6111498140369316,0.0019384772217291945,0.111,CalPERS,"June 30, 2025"
"Carlyle Partners V, L.P.",Carlyle Partners,2007.0,800000000.0,1067512609.0,1725940265.0,21152046.0,1747092311.0,1.6366011007931804,1.616786771836622,0.019814328956558488,0.128,CalPERS,"June 30, 2025"
"EMAlternatives Investments, L.P.","EMAlternatives Investments,",2007.0,100000000.0,117351233.0,127720593.0,10380542.0,138101135.0,1.1768187812734785,1.0883617473367322,0.08845703393674612,0.031,CalPERS,"June 30, 2025"
"Green Equity Investors V, L.P.",Green Equity,2007.0,400000000.0,445789540.0,1023767776.0,659113.0,1024426889.0,2.298005666530444,2.2965271369983244,0.0014785295321195738,0.184,CalPERS,"June 30, 2025"
KKR Asian Fund L.P.,KKR Asian,2007.0,272575591.0,355648095.0,601148863.0,86324.0,601235187.0,1.6905339729149962,1.6902912498378488,0.00024272307714736952,0.136,CalPERS,"June 30, 2025"
"KM Corporate Partners Fund II, LP",KM Corporate,2007.0,200000000.0,195212804.0,238176799.0,4714326.0,242891125.0,1.2442376730575522,1.2200879968918432,0.024149676165708886,0.042,CalPERS,"June 30, 2025"
"New Mountain Partners III, L.P.",New Mountain,2007.0,400000000.0,470815270.0,1054284551.0,15607657.0,1069892208.0,2.2724246135857062,2.2392743357708005,0.033150277814906044,0.146,CalPERS,"June 30, 2025"
SAIF Partners III L.P.,SAIF Partners,2007.0,100000000.0,126111682.0,156212437.0,72914668.0,229127105.0,1.8168586872071057,1.2386833203921583,0.5781753668149474,0.063,CalPERS,"June 30, 2025"
"Silver Lake Partners III, L.P.",Silver Lake,2007.0,480000000.0,612624572.0,1158663796.0,31956450.0,1190620246.0,1.9434745199870957,1.8913113331667017,0.05216318682039414,0.185,CalPERS,"June 30, 2025"
"TPG Asia V, L.P.",TPG Asia,2007.0,360000000.0,350599460.0,488924451.0,13397462.0,502321913.0,1.4327515307639094,1.3945385169731865,0.038213013790722894,0.063,CalPERS,"June 30, 2025"
"TPG STAR, L.P.","TPG STAR,",2007.0,150000000.0,171879025.0,219538523.0,304355.0,219842878.0,1.2790558824731522,1.2772851312136544,0.0017707512594977775,0.062,CalPERS,"June 30, 2025"
"Vicente Capital Partners Growth Equity Fund, L.P.",Vicente Capital,2007.0,40422297.0,40801085.0,56560761.0,391648.0,56952409.0,1.3958552572805356,1.386256296860733,0.009598960419802561,0.057,CalPERS,"June 30, 2025"
"Advent International GPE VI-A, L.P.",Advent International,2008.0,500000000.0,502306204.0,1006375016.0,38787511.0,1045162527.0,2.0807278880433655,2.003509030917723,0.07721885712564283,0.163,CalPERS,"June 30, 2025"
"Apollo European Principal Finance Fund, L.P.",Apollo European,2008.0,82991535.0,165281284.0,200770615.0,103569.0,200874184.0,1.2153474315942512,1.2147208089211117,0.0006266226731394463,0.11900000000000001,CalPERS,"June 30, 2025"
"Ares Corporate Opportunities Fund III, L.P.",Ares Corporate,2008.0,400000000.0,512078628.0,1059418691.0,1209033.0,1060627724.0,2.0712204454664334,2.0688594154724225,0.002361029994010998,0.20199999999999999,CalPERS,"June 30, 2025"
Asia Alternatives Capital Partners II LP,Asia Alternatives,2008.0,48933451.0,50415824.0,124295112.0,2357518.0,126652630.0,2.5121602693630476,2.465398800186227,0.04676146917682036,0.16699999999999998,CalPERS,"June 30, 2025"
Bridgepoint Europe IV 'D' LP,Bridgepoint Europe,2008.0,389533626.0,391605384.0,567693618.0,39630001.0,607323619.0,1.5508561521717996,1.4496573366825825,0.10119881548921707,0.09300000000000001,CalPERS,"June 30, 2025"
"California Asia Investors, L.P.",California Asia,2008.0,150000000.0,149713894.0,626729398.0,6610367.0,633339765.0,4.23033392612178,4.186180595903811,0.044153330217968946,0.265,CalPERS,"June 30, 2025"
"Capital Link Fund II, LLC",Capital Link,2008.0,435600000.0,472710927.0,784419220.0,9670656.0,794089876.0,1.6798635924064433,1.6594057281015635,0.020457864304879926,0.11800000000000001,CalPERS,"June 30, 2025"
"Carlyle Asia Partners III, L.P.",Carlyle Asia,2008.0,150000000.0,371700862.0,584513151.0,0.0,584513151.0,1.572536441952077,1.572536441952077,0.0,0.12,CalPERS,"June 30, 2025"
CVC European Equity Partners V (B) L.P.,CVC European,2008.0,561987531.0,710667384.0,1290077106.0,13736347.0,1303813453.0,1.8346324628850563,1.8153036639148759,0.019328798970180402,0.16399999999999998,CalPERS,"June 30, 2025"
"KKR European Fund III, L.P.",KKR European,2008.0,311051148.0,420900950.0,593968810.0,0.0,593968810.0,1.4111842940720376,1.4111842940720376,0.0,0.095,CalPERS,"June 30, 2025"
"TPG Biotechnology Partners III, L.P.",TPG Biotechnology,2008.0,100000000.0,100076482.0,212285844.0,5034874.0,217320718.0,2.1715463379298243,2.121236076224182,0.05031026170564229,0.11,CalPERS,"June 30, 2025"
"Yucaipa American Alliance Fund II, L.P.",Yucaipa American,2008.0,400000000.0,560638831.0,612947113.0,340784380.0,953731493.0,1.701151329990555,1.093301211239148,0.607850118751407,0.076,CalPERS,"June 30, 2025"
"Yucaipa Corporate Initiatives Fund II, L.P.",Yucaipa Corporate,2008.0,93539524.0,91400621.0,81687571.0,1094908.0,82782479.0,0.905710246760796,0.8937310283701464,0.011979218390649665,-0.013000000000000001,CalPERS,"June 30, 2025"
"57 Stars Global Opportunities Fund 2 (CalPERS), LLC",57 Stars,2009.0,500000000.0,529974862.0,530918754.0,229203044.0,760121798.0,1.4342600989252203,1.0017810127756588,0.43247908614956154,0.057999999999999996,CalPERS,"June 30, 2025"
AACP India Investors C,AACP India,2009.0,5000000.0,5320648.0,4658216.0,78846.0,4737062.0,0.8903167433741154,0.8754978716878095,0.01481887168630588,-0.015,CalPERS,"June 30, 2025"
"Khosla Ventures III, L.P.",Khosla Ventures,2009.0,200000000.0,200000000.0,362846119.0,7055282.0,369901401.0,1.849507005,1.814230595,0.03527641,0.09699999999999999,CalPERS,"June 30, 2025"
"Khosla Ventures Seed, L.P.",Khosla Ventures,2009.0,60000000.0,60000000.0,12484329.0,58178669.0,70662998.0,1.1777166333333333,0.20807215,0.9696444833333333,0.013999999999999999,CalPERS,"June 30, 2025"
"Welsh, Carson, Anderson & Stowe XI, L.P.","Welsh, Carson,",2009.0,125000000.0,125000000.0,207650933.0,238526.0,207889459.0,1.663115672,1.661207464,0.001908208,0.115,CalPERS,"June 30, 2025"
SAIF Partners IV L.P.,SAIF Partners,2010.0,120000000.0,153008026.0,127464833.0,106825196.0,234290029.0,1.5312270547167244,0.8330597834129303,0.6981672713037942,0.051,CalPERS,"June 30, 2025"
"Birch Hill Equity Partners (US) IV, LP",Birch Hill,2011.0,136760139.0,132114065.0,346591563.0,10194568.0,356786131.0,2.7005915759234265,2.623426680573336,0.07716489535009009,0.157,CalPERS,"June 30, 2025"
Blackstone Capital Partners VI L.P.,Blackstone Capital,2011.0,375000000.0,544087614.0,893414460.0,86241259.0,979655719.0,1.8005477312703537,1.6420415334064193,0.15850619786393447,0.124,CalPERS,"June 30, 2025"
"CalPERS Wellspring V, L.P.",CalPERS Wellspring,2011.0,24975000.0,27004887.0,47927588.0,5617842.0,53545430.0,1.9828051863353473,1.774774617646058,0.20803056868928946,0.214,CalPERS,"June 30, 2025"
"Francisco Partners III, L.P.",Francisco Partners,2011.0,100000000.0,95284663.0,294444853.0,32910174.0,327355027.0,3.435547932829442,3.0901599872374006,0.3453879455920414,0.23,CalPERS,"June 30, 2025"
Hellman & Friedman Capital Partners VII,Hellman &,2011.0,300000000.0,286896670.0,945792700.0,24264859.0,970057559.0,3.3812088477708717,3.296631850066437,0.08457699770443484,0.24600000000000002,CalPERS,"June 30, 2025"
"Oaktree Opportunities Fund VIIIb, L.P.",Oaktree Opportunities,2011.0,200000000.0,200000000.0,328021456.0,7526871.0,335548327.0,1.677741635,1.64010728,0.037634355,0.081,CalPERS,"June 30, 2025"
"Advent International GPE VII-C, L.P.",Advent International,2012.0,450000000.0,432732784.0,747260966.0,36112519.0,783373485.0,1.8102938209553359,1.726841583604167,0.08345223735116866,0.132,CalPERS,"June 30, 2025"
Blackstone Tactical Opportunities Fund - C L.P.,Blackstone Tactical,2012.0,800000000.0,993870181.0,1329098145.0,22942881.0,1352041026.0,1.3603799086110222,1.3372955245147857,0.023084384096236407,0.094,CalPERS,"June 30, 2025"
"Cerberus Institutional Partners V, L.P.",Cerberus Institutional,2012.0,400000000.0,479288769.0,767521291.0,167919111.0,935440402.0,1.9517261043936542,1.6013754977012615,0.3503506066923926,0.138,CalPERS,"June 30, 2025"
"Clearlake Capital Partners III, LP",Clearlake Capital,2012.0,50000000.0,70740191.0,202436054.0,1452025.0,203888079.0,2.8822099024301475,2.8616837350637065,0.020526167366440952,0.40700000000000003,CalPERS,"June 30, 2025"
"GCM Grosvenor DEM, L.P.",GCM Grosvenor,2012.0,100000000.0,116372431.0,131598823.0,28052316.0,159651139.0,1.3718982892090654,1.1308419173609943,0.24105637184807113,0.085,CalPERS,"June 30, 2025"
PAG Asia I LP,PAG Asia,2012.0,100000000.0,122564884.0,214124518.0,8063763.0,222188281.0,1.8128216969552224,1.7470299078486462,0.0657917891065764,0.17300000000000001,CalPERS,"June 30, 2025"
"Riverstone Global Energy and Power Fund V, L.P.",Riverstone Global,2012.0,400000000.0,530971147.0,427512115.0,9677103.0,437189218.0,0.8233766005368273,0.8051513107924111,0.018225289744416187,-0.043,CalPERS,"June 30, 2025"
"Apollo Investment Fund VIII, L.P.",Apollo Investment,2013.0,350000000.0,497808561.0,621414810.0,90410438.0,711825248.0,1.429917650612682,1.2483007699821378,0.18161688063054424,0.08800000000000001,CalPERS,"June 30, 2025"
"Carlyle Partners VI, L.P.",Carlyle Partners,2013.0,300850000.0,597079518.0,1121909168.0,63378288.0,1185287456.0,1.9851417110576552,1.8789945629988936,0.10614714805876158,0.159,CalPERS,"June 30, 2025"
Cerberus CP Partners LP,Cerberus CP,2013.0,570297030.0,674624184.0,1123171151.0,428228231.0,1551399382.0,2.2996498180681884,1.6648842090724694,0.634765608995719,0.168,CalPERS,"June 30, 2025"
GSO Energy Partners-C LP,GSO Energy,2013.0,400000000.0,477265166.0,405279061.0,13983632.0,419262693.0,0.8784690835785824,0.8491695809201378,0.029299502658444592,-0.031,CalPERS,"June 30, 2025"
KKR Asian Fund II L.P.,KKR Asian,2013.0,350000000.0,651962786.0,608503658.0,70726975.0,679230633.0,1.0418242384159637,0.933341091035831,0.10848314738013283,0.012,CalPERS,"June 30, 2025"
"Silver Lake Partners IV, L.P.",Silver Lake,2013.0,320000000.0,379466855.0,681383782.0,353227814.0,1034611596.0,2.726487392423246,1.795634514640284,0.9308528777829621,0.209,CalPERS,"June 30, 2025"
"Silver Lake Technology Investors IV, LP",Silver Lake,2013.0,80000000.0,86918274.0,196177186.0,103548543.0,299725729.0,3.4483626423598794,2.2570303915606975,1.1913322507991817,0.273,CalPERS,"June 30, 2025"
"TowerBrook Investors IV (Onshore), L.P.",TowerBrook Investors,2013.0,380000000.0,318788261.0,452175760.0,197426827.0,649602587.0,2.037724303154312,1.4184203602152088,0.6193039429391034,0.17,CalPERS,"June 30, 2025"
Triton Fund IV L.P.,Triton Fund,2013.0,90811931.0,108403645.0,114207283.0,74260883.0,188468166.0,1.738577757233163,1.0535372957246962,0.6850404615084668,0.122,CalPERS,"June 30, 2025"
"CDH Fund V, L.P.",CDH Fund,2014.0,200000000.0,229896804.0,281695388.0,55858264.0,337553652.0,1.468283360737803,1.2253123275258755,0.24297103321192756,0.081,CalPERS,"June 30, 2025"
"CVC Capital Partners VI, L.P.",CVC Capital,2014.0,567092581.0,682364607.0,932055371.0,433627149.0,1365682520.0,2.0013970624944797,1.3659198637188403,0.6354771987756394,0.156,CalPERS,"June 30, 2025"
"First Reserve Fund XIII, LP",First Reserve,2014.0,400000000.0,480612243.0,281572868.0,162663102.0,444235970.0,0.9243126376204278,0.5858628699144478,0.33844976770597995,-0.019,CalPERS,"June 30, 2025"
"GCM Grosvenor DEM II, L.P.",GCM Grosvenor,2014.0,250000000.0,269170506.0,271273235.0,194655222.0,465928457.0,1.7309788651212774,1.0078118848578455,0.723166980263432,0.147,CalPERS,"June 30, 2025"
"Onex Partners IV, L.P.",Onex Partners,2014.0,260622914.0,329577280.0,362935888.0,94548631.0,457484519.0,1.3880948316582988,1.1012163459811308,0.28687848567716806,0.069,CalPERS,"June 30, 2025"
"Permira V, L.P.","Permira V,",2014.0,268686701.0,273142099.0,653284982.0,116275119.0,769560101.0,2.8174349681628534,2.3917403592918864,0.4256946088709672,0.207,CalPERS,"June 30, 2025"
"Tailwind Capital Partners II, LP",Tailwind Capital,2014.0,150000000.0,166309208.0,240592859.0,1599126.0,242191985.0,1.4562752592748802,1.4466598806723918,0.009615378602488444,0.094,CalPERS,"June 30, 2025"
Trident VI,Trident VI,2014.0,250000000.0,271060455.0,649392920.0,98866539.0,748259459.0,2.760489201569443,2.395749391035295,0.36473981053414817,0.22,CalPERS,"June 30, 2025"
Blackstone Tactical Opportunities Fund II - C L.P.,Blackstone Tactical,2015.0,500000000.0,498012821.0,656958766.0,92183633.0,749142399.0,1.5042632787961898,1.319160347480291,0.1851029313158988,0.127,CalPERS,"June 30, 2025"
Bridgepoint Europe III 'C' L.P.,Bridgepoint Europe,2015.0,28133517.0,16760648.0,18955256.0,1037517.0,19992773.0,1.1928400978291531,1.130938135566119,0.061901962263034224,0.042,CalPERS,"June 30, 2025"
Bridgepoint Europe IV 'B' L.P.,Bridgepoint Europe,2015.0,89854306.0,67960669.0,84601533.0,10436174.0,95037707.0,1.3984221815120743,1.2448602146632783,0.15356196684879603,0.12,CalPERS,"June 30, 2025"
"Carlyle U.S. Equity Opportunities II, L.P.",Carlyle U.S.,2015.0,200000000.0,222684320.0,312752446.0,101472523.0,414224969.0,1.8601443020325814,1.4044655052497634,0.4556787967828179,0.155,CalPERS,"June 30, 2025"
"Centerbridge Capital Partners III, L.P.",Centerbridge Capital,2015.0,150000000.0,208459541.0,232072261.0,97015097.0,329087358.0,1.578662969424844,1.113272435920791,0.46539053350405296,0.136,CalPERS,"June 30, 2025"
"Clearlake Capital Partners IV, L.P.",Clearlake Capital,2015.0,56700000.0,89141513.0,148332960.0,32886540.0,181219500.0,2.0329417114560306,1.6640166293789516,0.36892508207707897,0.275,CalPERS,"June 30, 2025"
"Clearlake Opportunities Partners (P), L.P.",Clearlake Opportunities,2015.0,56700000.0,84739312.0,64168643.0,45783619.0,109952262.0,1.2975354579230003,0.7572476278778378,0.5402878300451626,0.075,CalPERS,"June 30, 2025"
"Insight Venture Partners Growth-Buyout Coinvestment Fund (B), L.P.",Insight Venture,2015.0,400000000.0,433400000.0,950221432.0,557682961.0,1507904393.0,3.47924410013844,2.1924813844023996,1.2867627157360406,0.258,CalPERS,"June 30, 2025"
"Insight Venture Partners IX, L.P.",Insight Venture,2015.0,100000000.0,105668637.0,232182263.0,184348844.0,416531107.0,3.941861263905581,2.19726751088878,1.744593753016801,0.231,CalPERS,"June 30, 2025"
"Lindsay Goldberg IV, L.P.",Lindsay Goldberg,2015.0,136920941.0,226389358.0,391896909.0,56675696.0,448572605.0,1.9814208978851382,1.7310747840011103,0.25034611388402805,0.289,CalPERS,"June 30, 2025"
"Patria Brazilian Private Equity Fund V, L.P.",Patria Brazilian,2015.0,150000000.0,155136240.0,47749770.0,185016454.0,232766224.0,1.5003987720728567,0.3077924925858716,1.1926062794869852,0.08,CalPERS,"June 30, 2025"
"TCP II Co-Invest B, L.P.",TCP II,2015.0,50000000.0,58367891.0,96898326.0,330926.0,97229252.0,1.6658003284716933,1.6601306701316312,0.005669658340062347,0.10300000000000001,CalPERS,"June 30, 2025"
"Welsh, Carson, Anderson & Stowe XII, L.P.","Welsh, Carson,",2015.0,350000000.0,350162050.0,723731408.0,162643565.0,886374973.0,2.5313279180310944,2.0668470726625,0.46448084536859435,0.253,CalPERS,"June 30, 2025"
Advent International GPE VIII-B Limited Partnership,Advent International,2016.0,500000000.0,500000000.0,715683440.0,332395785.0,1048079225.0,2.09615845,1.43136688,0.66479157,0.158,CalPERS,"June 30, 2025"
"Blackstone Capital Partners VII, L.P.",Blackstone Capital,2016.0,375000000.0,535429936.0,646909666.0,314722636.0,961632302.0,1.7960002557645562,1.2082060088623807,0.5877942469021754,0.156,CalPERS,"June 30, 2025"
"Carlyle Strategic Partners IV, L.P.",Carlyle Strategic,2016.0,150000000.0,219267579.0,138226783.0,109151145.0,247377928.0,1.1282011190537202,0.6304022857843475,0.4977988332693727,0.048,CalPERS,"June 30, 2025"
GSO Energy Partners-C II LP,GSO Energy,2016.0,250000000.0,231707470.0,294452737.0,6753425.0,301206162.0,1.2999415254070144,1.2707951841172838,0.029146341289730537,0.08199999999999999,CalPERS,"June 30, 2025"
"Hellman & Friedman Capital Partners VIII, L.P.",Hellman &,2016.0,500000000.0,519730771.0,345494661.0,549420402.0,894915063.0,1.7218820068669747,0.6647569862666454,1.0571250206003293,0.105,CalPERS,"June 30, 2025"
"Riverstone Global Energy and Power Fund VI, L.P.",Riverstone Global,2016.0,500000000.0,647159455.0,498912912.0,163983401.0,662896313.0,1.0243168169427426,0.7709273319664317,0.2533894849763108,0.006,CalPERS,"June 30, 2025"
"Towerbrook Structured Opportunities Fund (Onshore), L.P.",Towerbrook Structured,2016.0,221786667.0,296219920.0,252997540.0,120054659.0,373052199.0,1.2593758009252045,0.8540868554687342,0.4052889454564703,0.069,CalPERS,"June 30, 2025"
Wigmore Street Co-investment No. 1 LP,Wigmore Street,2016.0,99871132.0,93696159.0,159363280.0,42623854.0,201987134.0,2.1557674952289134,1.7008517926545954,0.4549157025743179,0.214,CalPERS,"June 30, 2025"
"Ares Corporate Opportunities Fund V, L.P.",Ares Corporate,2017.0,425000000.0,477162390.0,249808028.0,369273491.0,619081519.0,1.2974231246515469,0.5235283275364598,0.7738947971150869,0.06,CalPERS,"June 30, 2025"
BDC III C LP,BDC III,2017.0,131906972.0,120201932.0,297171348.0,131628682.0,428800030.0,3.5673305983135113,2.4722676504068173,1.0950629479066942,0.384,CalPERS,"June 30, 2025"
"Cerberus CAL II Partners, L.P.",Cerberus CAL,2017.0,500000000.0,423762376.0,752807320.0,455385200.0,1208192520.0,2.8511085184211824,1.7764845645475615,1.0746239538736209,0.23,CalPERS,"June 30, 2025"
CVC Capital Partners Strategic Opportunities Compounding Capital L.P.,CVC Capital,2017.0,997335669.0,1069448175.0,626627409.0,1452372580.0,2078999989.0,1.9439932084600546,0.5859352735816301,1.3580579348784245,0.124,CalPERS,"June 30, 2025"
Permira VI L.P. 1,Permira VI,2017.0,498864412.0,488579133.0,519339517.0,460772367.0,980111884.0,2.0060453216285845,1.062958857475397,0.9430864641531876,0.152,CalPERS,"June 30, 2025"
"SL SPV-1, L.P.","SL SPV-1,",2017.0,38675166.0,84029782.0,99011503.0,6121268.0,105132771.0,1.2511370194914941,1.178290608917681,0.07284641057381298,0.032,CalPERS,"June 30, 2025"
"Trident VII, L.P.","Trident VII,",2017.0,270000000.0,323736801.0,311352650.0,416838530.0,728191180.0,2.24933086924523,0.9617462365670315,1.2875846326781983,0.18600000000000003,CalPERS,"June 30, 2025"
Valor Equity Partners IV L.P.,Valor Equity,2017.0,75000000.0,74484349.0,16149150.0,220237206.0,236386356.0,3.1736379410391304,0.21681266221444723,2.956825278824683,0.20199999999999999,CalPERS,"June 30, 2025"
Wigmore Street (BDC III) LP,Wigmore Street,2017.0,32872355.0,30733886.0,68253967.0,33530574.0,101784541.0,3.3118018658623254,2.220804977281428,1.0909968885808974,0.34700000000000003,CalPERS,"June 30, 2025"
Blackstone Tactical Opportunities Fund III-C L.P.,Blackstone Tactical,2018.0,175000000.0,360927723.0,336336002.0,142078414.0,478414416.0,1.3255130750928767,0.9318652477133212,0.39364782737955545,0.11800000000000001,CalPERS,"June 30, 2025"
"Carlyle Asia Partners V, L.P.",Carlyle Asia,2018.0,125000000.0,222315337.0,183549191.0,118210843.0,301760034.0,1.3573514003669482,0.8256254088308806,0.5317259915360675,0.16699999999999998,CalPERS,"June 30, 2025"
"Carlyle Partners VII, L.P.",Carlyle Partners,2018.0,300000000.0,605512059.0,561144521.0,333289912.0,894434433.0,1.4771537902600218,0.9267272429334062,0.5504265473266157,0.131,CalPERS,"June 30, 2025"
"Clayton, Dubilier & Rice Fund X, L.P.","Clayton, Dubilier",2018.0,150000000.0,161652863.0,249021651.0,130901002.0,379922653.0,2.350237700398786,1.5404716401465774,0.8097660602522084,0.304,CalPERS,"June 30, 2025"
"Clearlake Capital Partners V, L.P.",Clearlake Capital,2018.0,75000000.0,112539514.0,155387066.0,72897952.0,228285018.0,2.0284876830017233,1.3807334017809958,0.6477542812207275,0.335,CalPERS,"June 30, 2025"
CVC Capital Partners VII (A) L.P.,CVC Capital,2018.0,440332347.0,585186495.0,596415977.0,619478195.0,1215894172.0,2.0777891875307204,1.0191895781873777,1.0585996093433427,0.204,CalPERS,"June 30, 2025"
"Grandval, L.P.","Grandval, L.P.",2018.0,50000000.0,49824644.0,15027711.0,76197978.0,91225689.0,1.8309350890695777,0.3016120095107955,1.5293230795587822,0.158,CalPERS,"June 30, 2025"
"Insight Venture Partners X, L.P.",Insight Venture,2018.0,250000000.0,261808718.0,292939483.0,441742310.0,734681793.0,2.806177726289466,1.1189065254885822,1.6872712008008839,0.22399999999999998,CalPERS,"June 30, 2025"
Onex Partners V-B LP,Onex Partners,2018.0,455585109.0,481826963.0,135123870.0,579434809.0,714558679.0,1.483019286739252,0.28044065686710024,1.202578629872152,0.10400000000000001,CalPERS,"June 30, 2025"
"Palladium Equity Partners V, L.P.",Palladium Equity,2018.0,75000000.0,78849117.0,51664411.0,74145541.0,125809952.0,1.5955784514365583,0.6552313198383692,0.940347131598189,0.133,CalPERS,"June 30, 2025"
"Silver Lake Partners V, L.P.",Silver Lake,2018.0,400000000.0,409532925.0,251920967.0,419935788.0,671856755.0,1.6405439318462611,0.6151421573735494,1.0254017744727117,0.12,CalPERS,"June 30, 2025"
"Silver Lake Technology Investors V, L.P.",Silver Lake,2018.0,100000000.0,94513693.0,70592143.0,113380603.0,183972746.0,1.9465194953285763,0.7468985790238881,1.1996209163046883,0.151,CalPERS,"June 30, 2025"
"Tailwind Capital Partners III, L.P.",Tailwind Capital,2018.0,200000000.0,224001663.0,120243439.0,254284202.0,374527641.0,1.6719859843183396,0.536797081725237,1.1351889025931026,0.17800000000000002,CalPERS,"June 30, 2025"
"The Rise Fund (A), L.P.",The Rise,2018.0,75000000.0,83481131.0,51312149.0,68744885.0,120057034.0,1.4381337742058142,0.6146556519460668,0.8234781222597475,0.094,CalPERS,"June 30, 2025"
"TPG Growth IV, L.P.",TPG Growth,2018.0,75000000.0,84678449.0,83439339.0,58898760.0,142338099.0,1.6809247297384957,0.9853668788855592,0.6955578508529366,0.14300000000000002,CalPERS,"June 30, 2025"
Advent International GPE IX Limited Partnership,Advent International,2019.0,550000000.0,525249416.0,152794529.0,718779685.0,871574214.0,1.6593530377195127,0.29089899835319377,1.368454039366319,0.147,CalPERS,"June 30, 2025"
"Apollo Investment Fund IX, L.P",Apollo Investment,2019.0,550000000.0,565232093.0,333327298.0,520337275.0,853664573.0,1.5102903454563752,0.5897175728838171,0.9205727725725581,0.159,CalPERS,"June 30, 2025"
BE VI 'H' L.P.,BE VI,2019.0,393209490.0,376217628.0,211010705.0,494936947.0,705947652.0,1.8764342748979321,0.5608740508033824,1.3155602240945499,0.17800000000000002,CalPERS,"June 30, 2025"
Blackstone Tactical Opportunities Fund III-C (Surge) L.P.,Blackstone Tactical,2019.0,500000000.0,511209485.0,206197357.0,587205361.0,793402718.0,1.552010949092621,0.4033519781034579,1.148658970989163,0.158,CalPERS,"June 30, 2025"
"Carlyle Europe Partners V, S.C.Sp.",Carlyle Europe,2019.0,164057846.0,287034448.0,199194575.0,118820640.0,318015215.0,1.1079339682601441,0.6939744563342446,0.4139595119258996,0.046,CalPERS,"June 30, 2025"
"Cerberus CAL III Partners, L.P.",Cerberus CAL,2019.0,500000000.0,480956761.0,42879804.0,343837162.0,386716966.0,0.804057656234923,0.08915521617960996,0.714902440055313,-0.057,CalPERS,"June 30, 2025"
"GCM Grosvenor DEM III, L.P.",GCM Grosvenor,2019.0,550000000.0,538563823.0,295076347.0,617937890.0,913014237.0,1.6952758392016984,0.5478948536801366,1.1473809855215618,0.209,CalPERS,"June 30, 2025"
"Grandval II, L.P.","Grandval II,",2019.0,1050000000.0,833018804.0,159053804.0,1151698948.0,1310752752.0,1.5734971956287316,0.1909366310055109,1.3825605646232206,0.14,CalPERS,"June 30, 2025"
PAG Asia III LP,PAG Asia,2019.0,380000000.0,383025285.0,120613628.0,378300070.0,498913698.0,1.302560738255178,0.3148972997957563,0.9876634384594218,0.081,CalPERS,"June 30, 2025"
Permira Growth Opportunities I L.P. 1,Permira Growth,2019.0,200000000.0,206766438.0,52662033.0,218017193.0,270679226.0,1.3091062003012308,0.25469333180658654,1.054412868494644,0.08,CalPERS,"June 30, 2025"
"Siris Partners IV, L.P.",Siris Partners,2019.0,100000000.0,115527607.0,39526012.0,112047177.0,151573189.0,1.3120083842816894,0.34213477649545704,0.9698736077862324,0.08,CalPERS,"June 30, 2025"
"SL SPV-2, L.P.","SL SPV-2,",2019.0,28417191.0,50512399.0,126178253.0,70165458.0,196343711.0,3.887039912715292,2.4979659548539757,1.3890739578613165,0.299,CalPERS,"June 30, 2025"
"TCV X, L.P.","TCV X,",2019.0,156592057.0,131366092.0,91818225.0,257627648.0,349445873.0,2.6600918675421963,0.6989492006811012,1.9611426668610954,0.222,CalPERS,"June 30, 2025"
Towerbrook Investors V (Onshore) LP,Towerbrook Investors,2019.0,400000000.0,437610934.0,84527012.0,601006515.0,685533527.0,1.5665365596189604,0.19315562165546804,1.3733809379634925,0.152,CalPERS,"June 30, 2025"
Towerbrook Structured Opportunities Fund II (Onshore) LP,Towerbrook Structured,2019.0,250000000.0,243426930.0,158784447.0,180126825.0,338911272.0,1.392250528731558,0.6522879247583658,0.7399626039731922,0.14400000000000002,CalPERS,"June 30, 2025"
"TPG Golden Bear Partners, L.P.",TPG Golden,2019.0,500000000.0,489403401.0,163308240.0,715813597.0,879121837.0,1.7963132973814377,0.33368840442528924,1.4626248929561485,0.163,CalPERS,"June 30, 2025"
"TPG Healthcare Partners, L.P.",TPG Healthcare,2019.0,100000000.0,99141145.0,27862432.0,105509379.0,133371811.0,1.3452720462326717,0.2810380291653884,1.0642340170672833,0.115,CalPERS,"June 30, 2025"
"TPG Partners VIII, L.P.",TPG Partners,2019.0,150000000.0,389023859.0,353310099.0,177469860.0,530779959.0,1.3643892186057411,0.9081964790236683,0.4561927395820728,0.19699999999999998,CalPERS,"June 30, 2025"
"Triton Fund V, LP",Triton Fund,2019.0,282563550.0,273484225.0,123023488.0,351582263.0,474605751.0,1.7354044863099507,0.4498376021505445,1.2855668841594063,0.18600000000000003,CalPERS,"June 30, 2025"
"Vista Equity Partners Fund VII-Z, L.P.",Vista Equity,2019.0,400000000.0,409610509.0,42412855.0,456259897.0,498672752.0,1.2174315381151513,0.10354435266698687,1.1138871854481645,0.05,CalPERS,"June 30, 2025"
"WCAS XIII, L.P.","WCAS XIII,",2019.0,400000000.0,383241237.0,256042414.0,389803130.0,645845544.0,1.6852193387529433,0.668097243408073,1.0171220953448703,0.158,CalPERS,"June 30, 2025"
Wigmore Street VI Co-Investment No. 1 LP,Wigmore Street,2019.0,99109858.0,96673167.0,34342616.0,158802051.0,193144667.0,1.9979139299325945,0.35524455302059155,1.6426693769120029,0.16899999999999998,CalPERS,"June 30, 2025"
ASF VIII B L.P.,ASF VIII,2020.0,300000000.0,239832449.0,93901922.0,243649600.0,337551522.0,1.407447254979246,0.3915313477868877,1.0159159071923582,0.139,CalPERS,"June 30, 2025"
"California Partners, L.P.","California Partners,",2020.0,850000000.0,592164364.0,27218275.0,821984456.0,849202731.0,1.4340659158611577,0.04596405433137479,1.3881018615297829,0.16,CalPERS,"June 30, 2025"
CVC Capital Partners Asia V L.P.,CVC Capital,2020.0,200000000.0,192940870.0,40842088.0,226537404.0,267379492.0,1.385810543924675,0.21168188989714828,1.1741286540275266,0.126,CalPERS,"June 30, 2025"
"Forecastle, L.P.","Forecastle, L.P.",2020.0,800000000.0,764686421.0,9003956.0,1111756975.0,1120760931.0,1.4656477481767654,0.011774703659867918,1.4538730445168975,0.16899999999999998,CalPERS,"June 30, 2025"
"Francisco Partners Agility II, L.P.",Francisco Partners,2020.0,50000000.0,41800000.0,34255067.0,54883606.0,89138673.0,2.132504138755981,0.8194992105263158,1.313004928229665,0.287,CalPERS,"June 30, 2025"
General Atlantic Managed Account,General Atlantic,2020.0,1050000000.0,890639571.0,89860958.0,1031975374.0,1121836332.0,1.2595850987626958,0.1008948635631641,1.1586902351995316,0.081,CalPERS,"June 30, 2025"
"Green Equity Investors VIII, L.P.",Green Equity,2020.0,376206440.0,569296808.0,339911386.0,465466559.0,805377945.0,1.4146890228128592,0.5970723552695556,0.8176166675433038,0.107,CalPERS,"June 30, 2025"
"Hellman & Friedman Capital Partners IX, L.P.",Hellman &,2020.0,578721883.0,714696320.0,221742757.0,969751809.0,1191494566.0,1.6671340437292304,0.31026150659345775,1.3568725371357726,0.13699999999999998,CalPERS,"June 30, 2025"
"Insight Partners XI, L.P.",Insight Partners,2020.0,400000000.0,389200000.0,19111580.0,648493100.0,667604680.0,1.715325488180884,0.049104779033915726,1.666220709146968,0.129,CalPERS,"June 30, 2025"
"Jade Equity Investors, L.P.",Jade Equity,2020.0,155000000.0,160671809.0,104351807.0,146518160.0,250869967.0,1.5613813559539869,0.6494717875492396,0.9119095684047474,0.195,CalPERS,"June 30, 2025"
KKR European Fund V (USD) SCSp,KKR European,2020.0,300000000.0,291168385.0,133215476.0,281605387.0,414820863.0,1.4246768686785827,0.4575204000942616,0.967156468584321,0.10800000000000001,CalPERS,"June 30, 2025"
"LongRange Capital Fund I, L.P.",LongRange Capital,2020.0,1500000000.0,766989605.0,307388402.0,767415573.0,1074803975.0,1.401327955416032,0.40077257891911067,1.0005553764969213,0.139,CalPERS,"June 30, 2025"
"Oaktree Latigo Investment Fund, L.P.",Oaktree Latigo,2020.0,1000000000.0,480000000.0,352500000.0,311143978.0,663643978.0,1.3825916208333333,0.734375,0.6482166208333333,0.102,CalPERS,"June 30, 2025"
"OHA Black Bear Fund, L.P.",OHA Black,2020.0,1000000000.0,260000000.0,183415842.0,212886416.0,396302258.0,1.524239453846154,0.7054455461538461,0.8187939076923076,0.115,CalPERS,"June 30, 2025"
Permira VII L.P.1,Permira VII,2020.0,549052730.0,612059951.0,167595081.0,651690435.0,819285516.0,1.3385706982811558,0.2738213482620104,1.0647493500191454,0.08199999999999999,CalPERS,"June 30, 2025"
Redwood Opportunities SCSp,Redwood Opportunities,2020.0,950000000.0,805465819.0,25137777.0,1192499448.0,1217637225.0,1.5117180596337634,0.031208992867269022,1.4805090667664942,0.17300000000000001,CalPERS,"June 30, 2025"
"Samson Partners, L.P.","Samson Partners,",2020.0,238801883.0,172155918.0,22795314.0,280798902.0,303594216.0,1.7634840528688651,0.13241086489980552,1.6310731879690596,0.139,CalPERS,"June 30, 2025"
"Sierra Partners, L.P.","Sierra Partners,",2020.0,150000000.0,81986760.0,21284053.0,67128976.0,88413029.0,1.0783817899377899,0.25960353842498474,0.8187782515128053,0.037000000000000005,CalPERS,"June 30, 2025"
"Summit Partners Growth Equity Fund X-A, L.P.",Summit Partners,2020.0,250000000.0,248757331.0,83747822.0,282760676.0,366508498.0,1.4733575751381573,0.336664739339883,1.1366928357982744,0.128,CalPERS,"June 30, 2025"
"Top Castle Sidecar VII, L.P.",Top Castle,2020.0,500000000.0,144751179.0,43521072.0,209809758.0,253330830.0,1.7501123773230198,0.30066126093522183,1.449451116387798,0.261,CalPERS,"June 30, 2025"
"Trident VIII, L.P.","Trident VIII,",2020.0,400000000.0,397486789.0,135931219.0,489722967.0,625654186.0,1.5740251080395027,0.34197669648839574,1.232048411551107,0.127,CalPERS,"June 30, 2025"
VIP IV LP,VIP IV,2020.0,304369347.0,285066983.0,5586572.0,382810166.0,388396738.0,1.3624753519771877,0.019597401078187998,1.3428779508989999,0.114,CalPERS,"June 30, 2025"
"AlpInvest Secondaries Fund (onshore) VII, L.P.",AlpInvest Secondaries,2021.0,373893702.0,369919723.0,503684119.0,0.0,503684119.0,1.0,1.3616038499250283,0.0,,CalPERS,"June 30, 2025"
"Ares Corporate Opportunities Fund VI, L.P.",Ares Corporate,2021.0,250000000.0,300645084.0,126682652.0,292056718.0,418739370.0,1.0,0.42136944437780993,0.9714335392226138,,CalPERS,"June 30, 2025"
BDC IV D LP,BDC IV,2021.0,204507413.0,164515998.0,0.0,194522495.0,194522495.0,1.0,0.0,1.1823925780154219,,CalPERS,"June 30, 2025"
"Bear Technology Fund, L.P.",Bear Technology,2021.0,100000000.0,95495070.0,0.0,86960414.0,86960414.0,1.0,0.0,0.910627260653351,,CalPERS,"June 30, 2025"
"Berkshire Fund X, L.P.",Berkshire Fund,2021.0,305107189.0,396185515.0,174910395.0,273929345.0,448839740.0,1.0,0.4414860926957413,0.6914168606088489,,CalPERS,"June 30, 2025"
"Blackstone Capital Partners VIII, L.P.",Blackstone Capital,2021.0,262500000.0,435503277.0,281733098.0,260532069.0,542265167.0,1.0,0.6469138417068674,0.5982321666892991,,CalPERS,"June 30, 2025"
"Blackstone Core Equity Partners II, L.P.",Blackstone Core,2021.0,1000000000.0,452202883.0,56265908.0,577872737.0,634138645.0,1.0,0.12442624785300185,1.2779059106529402,,CalPERS,"June 30, 2025"
Cedar Street Partners LP,Cedar Street,2021.0,1000000000.0,290576015.0,11376450.0,667798034.0,679174484.0,1.0,0.03915137317854676,2.2981870475441686,,CalPERS,"June 30, 2025"
"Clayton, Dubilier & Rice Fund XI, L.P.","Clayton, Dubilier",2021.0,142271997.0,428742377.0,331034663.0,137800689.0,468835352.0,1.0,0.7721062361885446,0.32140673838732764,,CalPERS,"June 30, 2025"
CVC Capital Partners VIII (A) L.P.,CVC Capital,2021.0,468922517.0,765226639.0,335222910.0,581407726.0,916630636.0,1.0,0.4380700996479554,0.7597850053414045,,CalPERS,"June 30, 2025"
DS Opportunities (C) LP,DS Opportunities,2021.0,509604306.0,250082392.0,0.0,468654547.0,468654547.0,1.0,0.0,1.8740005773777149,,CalPERS,"June 30, 2025"
EQT IX (No.2) USD SCSp,EQT IX,2021.0,655495509.0,821365120.0,247751535.0,841353828.0,1089105363.0,1.0,0.3016338641212327,1.024335959140802,,CalPERS,"June 30, 2025"
Fourth Street Partners - CPS L.P.,Fourth Street,2021.0,500000000.0,450365526.0,72974016.0,651282990.0,724257006.0,1.0,0.16203286394527452,1.446120878266335,,CalPERS,"June 30, 2025"
"Francisco Partners VI, L.P.",Francisco Partners,2021.0,250000000.0,243125000.0,41728571.0,313218697.0,354947268.0,1.0,0.17163422519280205,1.288303123907455,,CalPERS,"June 30, 2025"
"Genstar Capital Partners X, L.P.",Genstar Capital,2021.0,100000000.0,101046142.0,4020604.0,105560821.0,109581425.0,1.0,0.03978978237486791,1.0446793802379908,,CalPERS,"June 30, 2025"
"Genstar X Opportunities Fund I, L.P.",Genstar X,2021.0,150000000.0,133857480.0,7991326.0,156949356.0,164940682.0,1.0,0.05970025731845542,1.1725109123524513,,CalPERS,"June 30, 2025"
GranTain Co-Invest L.P.,GranTain Co-Invest,2021.0,350000000.0,206123574.0,8960614.0,232696762.0,241657376.0,1.0,0.04347204847127287,1.1289187232897484,,CalPERS,"June 30, 2025"
"Green Equity Investors CF II, L.P.",Green Equity,2021.0,60537375.0,60708143.0,0.0,97848753.0,97848753.0,1.0,0.0,1.6117895913897415,,CalPERS,"June 30, 2025"
"Green Equity Investors CF, L.P.",Green Equity,2021.0,186639450.0,183055172.0,113710240.0,131009424.0,244719664.0,1.0,0.6211801543635161,0.7156827232393084,,CalPERS,"June 30, 2025"
"Greenleaf Co-Invest Partners, L.P.",Greenleaf Co-Invest,2021.0,1375000000.0,782479254.0,8725142.0,1120065061.0,1128790203.0,1.0,0.011150636844871544,1.4314309999584987,,CalPERS,"June 30, 2025"
"H.I.G. Europe Middle Market LBO Fund, L.P.",H.I.G. Europe,2021.0,110564594.0,82393996.0,24502837.0,89044581.0,113547418.0,1.0,0.2973861954698738,1.0807168643695835,,CalPERS,"June 30, 2025"
"Hellman & Friedman Capital Partners X, L.P.",Hellman &,2021.0,940007767.0,916159074.0,154415852.0,902966231.0,1057382083.0,1.0,0.16854698750710623,0.9855998337249454,,CalPERS,"June 30, 2025"
"Insight Partners XII Buyout Annex Fund, L.P.",Insight Partners,2021.0,150000000.0,136980208.0,0.0,174935379.0,174935379.0,1.0,0.0,1.2770850734874049,,CalPERS,"June 30, 2025"
"Insight Partners XII, L.P.",Insight Partners,2021.0,600000000.0,561929570.0,663047.0,586241423.0,586904470.0,1.0,0.0011799468036537033,1.0432649468864932,,CalPERS,"June 30, 2025"
"K5 Private Investors, L.P.",K5 Private,2021.0,150000000.0,107384157.0,5985446.0,164760448.0,170745894.0,1.0,0.055738631910105696,1.5343087155771031,,CalPERS,"June 30, 2025"
KKR Asian Fund IV SCSp,KKR Asian,2021.0,300000000.0,198582624.0,38864858.0,265967482.0,304832340.0,1.0,0.1957112723014477,1.3393290744310036,,CalPERS,"June 30, 2025"
"Middlefield Road Private Opportunities Fund, L.P.",Middlefield Road,2021.0,800000000.0,231378144.0,0.0,263000573.0,263000573.0,1.0,0.0,1.1366699051747948,,CalPERS,"June 30, 2025"
"New Mountain CAS Continuation Fund, L.P.",New Mountain,2021.0,90723142.0,91001432.0,24840552.0,44334446.0,69174998.0,1.0,0.27296880339201696,0.48718404782904956,,CalPERS,"June 30, 2025"
"New Mountain Partners VI, L.P.",New Mountain,2021.0,289700324.0,577978315.0,397875173.0,376439767.0,774314940.0,1.0,0.6883911777901217,0.6513043088822459,,CalPERS,"June 30, 2025"
"NM Pacific, L.P.","NM Pacific,",2021.0,332000000.0,331079462.0,3996176.0,385219054.0,389215230.0,1.0,0.012070141638686123,1.1635244653140098,,CalPERS,"June 30, 2025"
Nordic Bear SCSp,Nordic Bear,2021.0,1800000000.0,1619128392.0,89275250.0,2073664663.0,2162939913.0,1.0,0.05513784480656553,1.280728985573863,,CalPERS,"June 30, 2025"
PSG V L.P.,PSG V,2021.0,100000000.0,105966965.0,15079245.0,113217970.0,128297215.0,1.0,0.1423013766601695,1.0684270328965257,,CalPERS,"June 30, 2025"
"Q-Street Capital, L.P.","Q-Street Capital,",2021.0,900000000.0,309937654.0,0.0,397361486.0,397361486.0,1.0,0.0,1.2820690899338096,,CalPERS,"June 30, 2025"
"Silver Lake Partners VI, L.P.",Silver Lake,2021.0,755236302.0,874774144.0,189759890.0,918632889.0,1108392779.0,1.0,0.21692443849826454,1.0501372214769074,,CalPERS,"June 30, 2025"
"SPRINGBLUE A, L.P.","SPRINGBLUE A,",2021.0,50000000.0,35500000.0,0.0,26941610.0,26941610.0,1.0,0.0,0.7589185915492958,,CalPERS,"June 30, 2025"
"SPRINGBLUE B, L.P.","SPRINGBLUE B,",2021.0,50000000.0,45250000.0,0.0,49348652.0,49348652.0,1.0,0.0,1.0905779447513813,,CalPERS,"June 30, 2025"
Sunrise Boulevard PE Partners L.P.,Sunrise Boulevard,2021.0,500000000.0,373210088.0,757910.0,510818515.0,511576425.0,1.0,0.0020307864775616674,1.3687157218536923,,CalPERS,"June 30, 2025"
"TA Select Opportunities Fund II-A, L.P.",TA Select,2021.0,50000000.0,49125000.0,0.0,51568453.0,51568453.0,1.0,0.0,1.0497395012722646,,CalPERS,"June 30, 2025"
"TA XIV-A, L.P.","TA XIV-A,",2021.0,150000000.0,146625000.0,12000000.0,163439123.0,175439123.0,1.0,0.08184143222506395,1.114674325660699,,CalPERS,"June 30, 2025"
"TCC Opportunities, L.P.","TCC Opportunities,",2021.0,1475000000.0,829803554.0,62238617.0,1084789324.0,1147027941.0,1.0,0.07500403764238397,1.3072844997720992,,CalPERS,"June 30, 2025"
"TCV XI, L.P.","TCV XI,",2021.0,261229279.0,257507701.0,18031534.0,270566753.0,288598287.0,1.0,0.07002328058530569,1.0507132483777641,,CalPERS,"June 30, 2025"
"Thoma Bravo Fund XIV, L.P.",Thoma Bravo,2021.0,600000000.0,649108610.0,208195313.0,601030284.0,809225597.0,1.0,0.320740334964899,0.9259317697234057,,CalPERS,"June 30, 2025"
"TPG Growth V, L.P.",TPG Growth,2021.0,200000000.0,201840232.0,43668309.0,248039893.0,291708202.0,1.0,0.21635086606519557,1.2288922309601784,,CalPERS,"June 30, 2025"
Whitney Global Partners L.P.,Whitney Global,2021.0,809694804.0,756432479.0,4870832.0,901981835.0,906852667.0,1.0,0.006439215839117876,1.1924155295293712,,CalPERS,"June 30, 2025"
Wigmore Street BDC IV Co-Investment No.1 LP,Wigmore Street,2021.0,50294305.0,50294305.0,0.0,56863206.0,56863206.0,1.0,0.0,1.1306092409468627,,CalPERS,"June 30, 2025"
Advent Global Technology II Limited Partnership,Advent Global,2022.0,150000000.0,102024862.0,0.0,136416355.0,136416355.0,1.0,0.0,1.3370893361267178,,CalPERS,"June 30, 2025"
Advent International GPE X Limited Partnership,Advent International,2022.0,650000000.0,336443790.0,0.0,452321606.0,452321606.0,1.0,0.0,1.3444195418200466,,CalPERS,"June 30, 2025"
Arsenal Capital Partners Growth LP,Arsenal Capital,2022.0,50000000.0,21660662.0,32924.0,13831199.0,13864123.0,1.0,0.001519990478592021,0.6385399947610096,,CalPERS,"June 30, 2025"
Arsenal Capital Partners VI LP,Arsenal Capital,2022.0,150000000.0,82922167.0,1592744.0,67881887.0,69474631.0,1.0,0.019207698708597426,0.8186217202934409,,CalPERS,"June 30, 2025"
"Base10 Partners III, L.P.",Base10 Partners,2022.0,50000000.0,32401593.0,0.0,32613317.0,32613317.0,1.0,0.0,1.0065343700848288,,CalPERS,"June 30, 2025"
"Bay State Partners, L.P.",Bay State,2022.0,149090910.0,146648491.0,11790288.0,175040203.0,186830491.0,1.0,0.08039829063089371,1.193603846902182,,CalPERS,"June 30, 2025"
"BOND III, LP","BOND III,",2022.0,75000000.0,43425000.0,0.0,42150317.0,42150317.0,1.0,0.0,0.9706463327576281,,CalPERS,"June 30, 2025"
"BRV Lotus Fund III, L.P.",BRV Lotus,2022.0,100000000.0,109274445.0,19673015.0,104203388.0,123876403.0,1.0,0.18003308092756728,0.9535933859009762,,CalPERS,"June 30, 2025"
"Butterfly II, LP","Butterfly II,",2022.0,125000000.0,107669482.0,37834353.0,101180940.0,139015293.0,1.0,0.35139347099301543,0.9397364798318617,,CalPERS,"June 30, 2025"
CA Co-Investment Limited Partnership,CA Co-Investment,2022.0,1950000000.0,622844890.0,674700.0,970270086.0,970944786.0,1.0,0.0010832552547713765,1.5578037189965546,,CalPERS,"June 30, 2025"
"Carlyle Partners VIII, L.P.",Carlyle Partners,2022.0,177206640.0,232168579.0,160290145.0,116387210.0,276677355.0,1.0,0.6904041265635691,0.5013047437396771,,CalPERS,"June 30, 2025"
"Clearlake Capital Partners VII, L.P.",Clearlake Capital,2022.0,350000000.0,251073169.0,941316.0,280185580.0,281126896.0,1.0,0.003749170027801736,1.1159519000614517,,CalPERS,"June 30, 2025"
EQT X (No.2) USD SCSp,EQT X,2022.0,500000000.0,216851217.0,11648082.0,224306724.0,235954806.0,1.0,0.05371462591330534,1.034380747791699,,CalPERS,"June 30, 2025"
"Healthcare and Fintech, L.P.",Healthcare and,2022.0,200000000.0,150603729.0,0.0,239399767.0,239399767.0,1.0,0.0,1.5896005270892064,,CalPERS,"June 30, 2025"
"HongShan Capital Seed Fund III, L.P.",HongShan Capital,2022.0,12000000.0,5404613.0,0.0,4674079.0,4674079.0,1.0,0.0,0.8648313949583439,,CalPERS,"June 30, 2025"
"HongShan Capital Venture Fund IX, L.P.",HongShan Capital,2022.0,32000000.0,11223674.0,0.0,10024298.0,10024298.0,1.0,0.0,0.8931387351414519,,CalPERS,"June 30, 2025"
KKR North America Fund XIII SCSp,KKR North,2022.0,600000000.0,523017334.0,11312159.0,619919521.0,631231680.0,1.0,0.021628650265729053,1.185275287644673,,CalPERS,"June 30, 2025"
"Lightspeed Opportunity Fund II, LP",Lightspeed,2022.0,200000000.0,192000000.0,0.0,263445976.0,263445976.0,1.0,0.0,1.3721144583333333,,CalPERS,"June 30, 2025"
"Lightspeed Venture Partners Select V, L.P.",Lightspeed,2022.0,100000000.0,92500000.0,0.0,111114744.0,111114744.0,1.0,0.0,1.2012404756756756,,CalPERS,"June 30, 2025"
"Lightspeed Venture Partners XIV-A (Inception), L.P.",Lightspeed,2022.0,45000000.0,37800000.0,0.0,52314963.0,52314963.0,1.0,0.0,1.3839937301587302,,CalPERS,"June 30, 2025"
"Lightspeed Venture Partners XIV-B (Ignite), L.P.",Lightspeed,2022.0,55000000.0,46200000.0,0.0,67389794.0,67389794.0,1.0,0.0,1.4586535497835498,,CalPERS,"June 30, 2025"
"Oak HC/FT Partners V, L.P.",Oak HC/FT,2022.0,200000000.0,114828590.0,15561739.0,117806883.0,133368622.0,1.0,0.1355214672582847,1.0259368594528593,,CalPERS,"June 30, 2025"
Permira Growth Opportunities II SCSP,Permira Growth,2022.0,155000000.0,100751892.0,6433550.0,97099358.0,103532908.0,1.0,0.06385537653228388,0.9637472415902621,,CalPERS,"June 30, 2025"
"Project Quail Opportunities, L.P.",Project Quail,2022.0,1000000000.0,586326977.0,950806.0,796664794.0,797615600.0,1.0,0.0016216309965215877,1.35873808514869,,CalPERS,"June 30, 2025"
PSG Encore L.P.,PSG Encore,2022.0,100000000.0,90286712.0,4024480.0,98717482.0,102741962.0,1.0,0.044574444133041416,1.093377749762335,,CalPERS,"June 30, 2025"
"Redwood Lane Capital, L.P.",Redwood Lane,2022.0,700000000.0,669286173.0,0.0,928489739.0,928489739.0,1.0,0.0,1.3872836111915314,,CalPERS,"June 30, 2025"
"Summit Partners Growth Equity Fund XI-A, L.P.",Summit Partners,2022.0,400000000.0,190976743.0,1629711.0,195119460.0,196749171.0,1.0,0.00853355740808712,1.0216922591459212,,CalPERS,"June 30, 2025"
"The Veritas Capital Fund VIII, L.P.",The Veritas,2022.0,625000000.0,526111729.0,168666.0,645889560.0,646058226.0,1.0,0.0003205896974024694,1.2276661484579827,,CalPERS,"June 30, 2025"
"Thoma Bravo Fund XV, L.P.",Thoma Bravo,2022.0,348293279.0,501417164.0,245692431.0,400729830.0,646422261.0,1.0,0.4899960524685988,0.7991944807058898,,CalPERS,"June 30, 2025"
"Tiger Global Private Investment Partners XV, L.P.",Tiger Global,2022.0,300000000.0,285000000.0,0.0,221505000.0,221505000.0,1.0,0.0,0.7772105263157895,,CalPERS,"June 30, 2025"
"Trident IX, L.P.","Trident IX,",2022.0,500000000.0,445151402.0,55347166.0,523067764.0,578414930.0,1.0,0.12433335209399161,1.1750333968396667,,CalPERS,"June 30, 2025"
"WCAS XIV, L.P.","WCAS XIV,",2022.0,400000000.0,172590742.0,0.0,180294675.0,180294675.0,1.0,0.0,1.0446370002859133,,CalPERS,"June 30, 2025"
Amberbrook IX LP,Amberbrook IX,2023.0,150000000.0,90421042.0,7155788.0,137592718.0,144748506.0,1.0,0.07913852618508864,1.5216891439937177,,CalPERS,"June 30, 2025"
"AMZL, LP","AMZL, LP",2023.0,600000000.0,276624599.0,0.0,239468403.0,239468403.0,1.0,0.0,0.8656800727978642,,CalPERS,"June 30, 2025"
"Apollo Investment Fund X, L.P.",Apollo Investment,2023.0,225000000.0,103909711.0,21889541.0,100869647.0,122759188.0,1.0,0.21065924242634068,0.9707432157134958,,CalPERS,"June 30, 2025"
"Arlington Capital Partners VI, L.P.",Arlington Capital,2023.0,300000000.0,201703217.0,10210739.0,282115366.0,292326105.0,1.0,0.05062258873144299,1.3986656742316608,,CalPERS,"June 30, 2025"
"B Capital Global Growth III, L.P.",B Capital,2023.0,67500000.0,53841779.0,2446753.0,60111977.0,62558730.0,1.0,0.04544339071708608,1.116455996002658,,CalPERS,"June 30, 2025"
"Bain Capital Asia Fund V, L.P.",Bain Capital,2023.0,300000000.0,93390237.0,14181591.0,114777508.0,128959099.0,1.0,0.15185303577289347,1.2290097090127312,,CalPERS,"June 30, 2025"
"Bain Capital Europe Fund VI, SCSp",Bain Capital,2023.0,170885925.0,51153225.0,0.0,67441942.0,67441942.0,1.0,0.0,1.3184299132654882,,CalPERS,"June 30, 2025"
"Bain Capital Insurance Fund, L.P.",Bain Capital,2023.0,125000000.0,61100636.0,8192494.0,67813955.0,76006449.0,1.0,0.13408197584064427,1.1098731443646512,,CalPERS,"June 30, 2025"
"Bain Capital Tech Opportunities Fund II, L.P.",Bain Capital,2023.0,150000000.0,85094837.0,4692746.0,113352664.0,118045410.0,1.0,0.05514724706505989,1.3320745182225333,,CalPERS,"June 30, 2025"
"Bain Capital Venture Coinvestment Fund IV, L.P.",Bain Capital,2023.0,150000000.0,83250000.0,0.0,95791824.0,95791824.0,1.0,0.0,1.1506525405405406,,CalPERS,"June 30, 2025"
"Bain Capital Venture Fund 2022, L.P.",Bain Capital,2023.0,150000000.0,84385572.0,0.0,109226096.0,109226096.0,1.0,0.0,1.294369326547908,,CalPERS,"June 30, 2025"
"Base10 Series B I, L.P.",Base10 Series,2023.0,50000000.0,29999999.0,0.0,28104513.0,28104513.0,1.0,0.0,0.9368171312272378,,CalPERS,"June 30, 2025"
"BC CLP INVESTORS, L.P.",BC CLP,2023.0,2000000000.0,1043513785.0,11643204.0,1242425731.0,1254068935.0,1.0,0.011157690648044482,1.1906174588771723,,CalPERS,"June 30, 2025"
"Bear Coast (CV) Fund, LP",Bear Coast,2023.0,300000000.0,191000000.0,0.0,260621135.0,260621135.0,1.0,0.0,1.364508560209424,,CalPERS,"June 30, 2025"
"Bear Coast (Ventures) Fund, LP",Bear Coast,2023.0,800000000.0,776211164.0,0.0,893814420.0,893814420.0,1.0,0.0,1.1515093591207353,,CalPERS,"June 30, 2025"
Biogeneration Capital Fund V Cooperatief U.A.,Biogeneration Capital,2023.0,22856178.0,6306732.0,0.0,7942314.0,7942314.0,1.0,0.0,1.2593390681576448,,CalPERS,"June 30, 2025"
"Blackwell Capital Partners, LP",Blackwell Capital,2023.0,1620093396.0,401518202.0,10870068.0,595271727.0,606141795.0,1.0,0.027072416507782627,1.482552282897501,,CalPERS,"June 30, 2025"
BVP Forge Institutional L.P.,BVP Forge,2023.0,35000000.0,17810745.0,0.0,23018215.0,23018215.0,1.0,0.0,1.2923779999096052,,CalPERS,"June 30, 2025"
"CA1 SPV, L.P.","CA1 SPV,",2023.0,1200000000.0,896584367.0,0.0,1131229420.0,1131229420.0,1.0,0.0,1.2617099535040186,,CalPERS,"June 30, 2025"
Canaan Gold Coast L.P.,Canaan Gold,2023.0,235000000.0,80925000.0,0.0,84523058.0,84523058.0,1.0,0.0,1.0444616373185047,,CalPERS,"June 30, 2025"
CapVest Equity Partners V SCSp,CapVest Equity,2023.0,345567585.0,71810319.0,0.0,111050113.0,111050113.0,1.0,0.0,1.5464367036163702,,CalPERS,"June 30, 2025"
"Cerberus Supply Chain Fund, L.P.",Cerberus Supply,2023.0,200000000.0,72373834.0,767125.0,109366055.0,110133180.0,1.0,0.010599479917009786,1.5111270048233179,,CalPERS,"June 30, 2025"
"Coastal Pacific Partners, L.P.",Coastal Pacific,2023.0,173749880.0,120409743.0,362565.0,129158083.0,129520648.0,1.0,0.0030110935458104913,1.0726547518667156,,CalPERS,"June 30, 2025"
"Coefficient Capital Apex Fund I, LP",Coefficient Capital,2023.0,83726563.0,28254415.0,0.0,28526141.0,28526141.0,1.0,0.0,1.009617116475425,,CalPERS,"June 30, 2025"
"Crosspoint Capital Fund II, LP",Crosspoint Capital,2023.0,300000000.0,190331432.0,416541.0,217787891.0,218204432.0,1.0,0.0021885034732466047,1.1442560417451175,,CalPERS,"June 30, 2025"
CV Consortio Fund L.P.,CV Consortio,2023.0,1250000000.0,630513124.0,0.0,1200785538.0,1200785538.0,1.0,0.0,1.9044576429784197,,CalPERS,"June 30, 2025"
"Equip Opportunities Fund, L.P.",Equip Opportunities,2023.0,200000000.0,95785110.0,0.0,95559165.0,95559165.0,1.0,0.0,0.9976411260581107,,CalPERS,"June 30, 2025"
Forbion Growth Opportunities Fund II Cooperatief U.A.,Forbion Growth,2023.0,17402142.0,9399185.0,9517541.0,7889894.0,17407435.0,1.0,1.0125921555964692,0.8394232053098221,,CalPERS,"June 30, 2025"
Forbion Ventures Fund VI Cooperatief U.A.,Forbion Ventures,2023.0,182444003.0,65383599.0,22280690.0,76472594.0,98753284.0,1.0,0.3407687912682812,1.169599030484694,,CalPERS,"June 30, 2025"
ForCal I Investment Fund C.V.,ForCal I,2023.0,333793537.0,234333132.0,0.0,332070754.0,332070754.0,1.0,0.0,1.4170883611968281,,CalPERS,"June 30, 2025"
"Francisco Partners VII, L.P.",Francisco Partners,2023.0,450000000.0,139950000.0,0.0,149981406.0,149981406.0,1.0,0.0,1.0716784994640942,,CalPERS,"June 30, 2025"
"GC Customer Value Fund, L.P.",GC Customer,2023.0,280494000.0,144359702.0,14845193.0,159385896.0,174231089.0,1.0,0.10283474400632941,1.1040885634413404,,CalPERS,"June 30, 2025"
"GCM Grosvenor Elevate Fund, L.P.",GCM Grosvenor,2023.0,500000000.0,53595277.0,4235857.0,41630692.0,45866549.0,1.0,0.07903414698276492,0.776760459694984,,CalPERS,"June 30, 2025"
"General Catalyst Group XI - Health Assurance, L.P.",General Catalyst,2023.0,200000000.0,186286867.0,0.0,219173400.0,219173400.0,1.0,0.0,1.176537044879283,,CalPERS,"June 30, 2025"
"Genstar Capital Partners XI, L.P.",Genstar Capital,2023.0,200000000.0,26492440.0,2314438.0,26677132.0,28991570.0,1.0,0.08736220597272279,1.0069714982840388,,CalPERS,"June 30, 2025"
"Genstar XI Opportunities Fund I, L.P.",Genstar XI,2023.0,200000000.0,61681421.0,2329405.0,70977222.0,73306627.0,1.0,0.03776509947784763,1.1507066609246892,,CalPERS,"June 30, 2025"
"Grain Communications Opportunity Fund IV-A, L.P.",Grain Communications,2023.0,200000000.0,55838083.0,1181403.0,49765338.0,50946741.0,1.0,0.02115765686296931,0.8912436696653787,,CalPERS,"June 30, 2025"
"Green Equity Investors IX, L.P.",Green Equity,2023.0,500000000.0,270950570.0,7028796.0,311645438.0,318674234.0,1.0,0.025941248250557287,1.1501929595497806,,CalPERS,"June 30, 2025"
"Greenbriar Equity Fund VI, L.P.",Greenbriar Equity,2023.0,95000000.0,48702456.0,6770.0,54486920.0,54493690.0,1.0,0.00013900736340688856,1.1187715050756373,,CalPERS,"June 30, 2025"
Hg Genesis 10 A L.P.,Hg Genesis,2023.0,143422255.0,36631553.0,0.0,45878179.0,45878179.0,1.0,0.0,1.2524224402934814,,CalPERS,"June 30, 2025"
Hg Mercury 4 A L.P.,Hg Mercury,2023.0,56979606.0,18561560.0,0.0,23064000.0,23064000.0,1.0,0.0,1.242567973812546,,CalPERS,"June 30, 2025"
Hg Saturn 3 A L.P.,Hg Saturn,2023.0,150000000.0,81947942.0,0.0,99850320.0,99850320.0,1.0,0.0,1.2184603732940602,,CalPERS,"June 30, 2025"
"HongShan Capital Growth Fund VII, L.P.",HongShan Capital,2023.0,104000000.0,28137580.0,0.0,23604765.0,23604765.0,1.0,0.0,0.838905300313673,,CalPERS,"June 30, 2025"
"Innovation Opportunities, L.P.","Innovation Opportunities,",2023.0,1928299753.0,1225488761.0,0.0,1873925780.0,1873925780.0,1.0,0.0,1.52912522712234,,CalPERS,"June 30, 2025"
"Lux Ventures VIII, L.P.",Lux Ventures,2023.0,300000000.0,145500000.0,0.0,204484243.0,204484243.0,1.0,0.0,1.4053899862542956,,CalPERS,"June 30, 2025"
Magnolia Opportunities LLC,Magnolia Opportunities,2023.0,100000000.0,37187000.0,16120000.0,27657190.0,43777190.0,1.0,0.43348481996396593,0.7437327560706699,,CalPERS,"June 30, 2025"
"Moreton Bay SPV, LP",Moreton Bay,2023.0,1350000000.0,1157712806.0,0.0,1413511398.0,1413511398.0,1.0,0.0,1.2209516822084803,,CalPERS,"June 30, 2025"
"Muir Woods Partners, L.P.",Muir Woods,2023.0,250000000.0,139004798.0,0.0,237432972.0,237432972.0,1.0,0.0,1.7080919178055998,,CalPERS,"June 30, 2025"
"Orchard Park, L.P.","Orchard Park,",2023.0,535350000.0,447398083.0,0.0,557078763.0,557078763.0,1.0,0.0,1.2451523244456995,,CalPERS,"June 30, 2025"
Pantheon Global Secondary Fund VII Feeder (US) LP,Pantheon Global,2023.0,200000000.0,100978352.0,0.0,131800100.0,131800100.0,1.0,0.0,1.3052312440195102,,CalPERS,"June 30, 2025"
"Patient Square Equity Partners, LP",Patient Square,2023.0,300000000.0,261152746.0,1827337.0,309003467.0,310830804.0,1.0,0.006997196192606759,1.1832288640763517,,CalPERS,"June 30, 2025"
Permira VIII-2 SCSp,Permira VIII-2,2023.0,725906172.0,406165100.0,10226737.0,499774893.0,510001630.0,1.0,0.025178768436776078,1.2304722710050666,,CalPERS,"June 30, 2025"
"Phoenix Bear Partners, L.P.",Phoenix Bear,2023.0,1975000000.0,1554903015.0,27118775.0,1983678405.0,2010797180.0,1.0,0.017440814467775664,1.275756999545081,,CalPERS,"June 30, 2025"
"Prysm Capital Fund I, L.P.",Prysm Capital,2023.0,100000000.0,104083531.0,0.0,111909892.0,111909892.0,1.0,0.0,1.0751930773755167,,CalPERS,"June 30, 2025"
PSG Europe II L.P.,PSG Europe,2023.0,113839221.0,44914805.0,12432597.0,45304208.0,57736805.0,1.0,0.27680398478853463,1.0086698138843082,,CalPERS,"June 30, 2025"
Red Admiral Fund LP,Red Admiral,2023.0,1200000000.0,348864146.0,90273720.0,659546521.0,749820241.0,1.0,0.25876468257073343,1.890554041056429,,CalPERS,"June 30, 2025"
Rubicon Partners SCSp,Rubicon Partners,2023.0,510621712.0,217164676.0,0.0,308249702.0,308249702.0,1.0,0.0,1.4194283696488466,,CalPERS,"June 30, 2025"
"SignalFire Sage Fund, L.P.",SignalFire Sage,2023.0,100000000.0,89647871.0,0.0,120414947.0,120414947.0,1.0,0.0,1.3431991820530798,,CalPERS,"June 30, 2025"
"Springblue B-III, L.P.","Springblue B-III,",2023.0,40000000.0,10200000.0,0.0,13606670.0,13606670.0,1.0,0.0,1.3339872549019607,,CalPERS,"June 30, 2025"
"Springblue Co-Investment SPV, LP",Springblue Co-Investment,2023.0,120000000.0,26466050.0,0.0,53277720.0,53277720.0,1.0,0.0,2.013058994447604,,CalPERS,"June 30, 2025"
"SR One Capital Fund II-A, LP",SR One,2023.0,90000000.0,66253380.0,4228213.0,57404461.0,61632674.0,1.0,0.06381882705455932,0.8664382254912881,,CalPERS,"June 30, 2025"
"SR One Capital Opportunities Fund I, LP",SR One,2023.0,72351563.0,55703063.0,218987.0,42504342.0,42723329.0,1.0,0.003931327797898654,0.7630521502919866,,CalPERS,"June 30, 2025"
"The Rise Fund III, L.P.",The Rise,2023.0,100000000.0,70810138.0,1909238.0,87343114.0,89252352.0,1.0,0.026962777561597182,1.2334831772252726,,CalPERS,"June 30, 2025"
"Three Pillars Flex Opportunities Fund, LP",Three Pillars,2023.0,1000000000.0,81396285.0,12422259.0,177670572.0,190092831.0,1.0,0.15261456957157196,2.1827847794282014,,CalPERS,"June 30, 2025"
"Thrive Capital Partners VIII Growth, L.P.",Thrive Capital,2023.0,300000000.0,296645794.0,47917176.0,462319000.0,510236176.0,1.0,0.16152993559719914,1.5584883027197076,,CalPERS,"June 30, 2025"
"Timber Coast Private Opportunities, L.P.",Timber Coast,2023.0,300000000.0,70228202.0,0.0,85543816.0,85543816.0,1.0,0.0,1.2180835271847057,,CalPERS,"June 30, 2025"
"TPG PARTNERS IX, L.P.",TPG PARTNERS,2023.0,300000000.0,183111899.0,2469943.0,219608087.0,222078030.0,1.0,0.013488708344398744,1.1993108487177013,,CalPERS,"June 30, 2025"
"TPG Tech Adjacencies II, L.P.",TPG Tech,2023.0,200000000.0,133594523.0,17957016.0,145433977.0,163390993.0,1.0,0.1344143127783764,1.0886223007809983,,CalPERS,"June 30, 2025"
"Triangle Investment Opportunities, L.P.",Triangle Investment,2023.0,1000000000.0,971207347.0,70477425.0,1714966232.0,1785443657.0,1.0,0.07256681615692102,1.7658085446917444,,CalPERS,"June 30, 2025"
Valor Equity Partners VI L.P.,Valor Equity,2023.0,300000000.0,206789782.0,64595.0,308500356.0,308564951.0,1.0,0.0003123703665396775,1.4918549312073843,,CalPERS,"June 30, 2025"
VIP V S.C.Sp.,VIP V,2023.0,347337919.0,77154266.0,1890592.0,72498427.0,74389019.0,1.0,0.024504050106574794,0.9396554559925435,,CalPERS,"June 30, 2025"
"2SP I, L.P.","2SP I,",2024.0,300000000.0,193679138.0,0.0,209169028.0,209169028.0,1.0,0.0,1.0799770701168652,,CalPERS,"June 30, 2025"
"Acrew Capital Fund III, L.P.",Acrew Capital,2024.0,70000000.0,15462527.0,0.0,13352334.0,13352334.0,1.0,0.0,0.8635285810656952,,CalPERS,"June 30, 2025"
"Acrew Diversify Capital Fund II, L.P.",Acrew Diversify,2024.0,50000000.0,8407429.0,0.0,7118432.0,7118432.0,1.0,0.0,0.8466835699712718,,CalPERS,"June 30, 2025"
"American Industrial Partners Capital Fund VIII, L.P.",American Industrial,2024.0,200000000.0,110713357.0,5504573.0,114591972.0,120096545.0,1.0,0.049719140934368015,1.035032945482811,,CalPERS,"June 30, 2025"
"B Capital Ascent Fund III, L.P.",B Capital,2024.0,107567115.0,16799309.0,7324.0,25448488.0,25455812.0,1.0,0.00043597031282655734,1.5148532597382427,,CalPERS,"June 30, 2025"
"B Capital Opportunities Fund II, L.P.",B Capital,2024.0,240000000.0,29747061.0,0.0,45833393.0,45833393.0,1.0,0.0,1.5407704646855702,,CalPERS,"June 30, 2025"
"Bain Capital Life Sciences Fund IV, L.P.",Bain Capital,2024.0,100000000.0,15000000.0,0.0,8851209.0,8851209.0,1.0,0.0,0.5900806,,CalPERS,"June 30, 2025"
"Balderton Capital Growth II, S.L.P.",Balderton Capital,2024.0,63000000.0,24993356.0,0.0,24431102.0,24431102.0,1.0,0.0,0.9775038614262126,,CalPERS,"June 30, 2025"
"Balderton Capital IX, S.L.P.",Balderton Capital,2024.0,56000000.0,13378885.0,0.0,12492043.0,12492043.0,1.0,0.0,0.9337133101899,,CalPERS,"June 30, 2025"
Bessemer Venture Partners XII Institutional L.P.,Bessemer,2024.0,115000000.0,33319827.0,0.0,32372470.0,32372470.0,1.0,0.0,0.9715677695445417,,CalPERS,"June 30, 2025"
BjorkTree AB,BjorkTree AB,2024.0,114849994.0,20997752.0,0.0,26744289.0,26744289.0,1.0,0.0,1.2736739151886354,,CalPERS,"June 30, 2025"
Bridgepoint Europe VII D LP,Bridgepoint Europe,2024.0,101277589.0,59499061.0,0.0,71467768.0,71467768.0,1.0,0.0,1.2011579140719548,,CalPERS,"June 30, 2025"
Canaan XIII Healthcare Fund L.P.,Canaan XIII,2024.0,37083465.0,2595843.0,0.0,1727141.0,1727141.0,1.0,0.0,0.6653487903544244,,CalPERS,"June 30, 2025"
Canaan XIII L.P.,Canaan XIII,2024.0,205000000.0,29930000.0,200000.0,26270282.0,26470282.0,1.0,0.006682258603407952,0.8777240895422653,,CalPERS,"June 30, 2025"
"Clayton, Dubilier & Rice Fund XII, L.P.","Clayton, Dubilier",2024.0,500000000.0,198016315.0,20116084.0,238009668.0,258125752.0,1.0,0.10158801308871948,1.2019699891900322,,CalPERS,"June 30, 2025"
"Coalesce Capital Fund I, L.P.",Coalesce Capital,2024.0,150000000.0,40024276.0,173859.0,36087431.0,36261290.0,1.0,0.0043438387242782355,0.9016385705515323,,CalPERS,"June 30, 2025"
"Cobalt Investment Fund, L.P.",Cobalt Investment,2024.0,100000000.0,278860.0,0.0,278860.0,278860.0,1.0,0.0,1.0,,CalPERS,"June 30, 2025"
"Coefficient Capital Fund II, LP",Coefficient Capital,2024.0,90562500.0,7892272.0,0.0,6132792.0,6132792.0,1.0,0.0,0.7770629294074001,,CalPERS,"June 30, 2025"
CVC Capital Partners Asia VI (A) L.P.,CVC Capital,2024.0,300000000.0,42735473.0,3183675.0,48310671.0,51494346.0,1.0,0.07449724494683843,1.1304583197195455,,CalPERS,"June 30, 2025"
CVC Capital Partners IX (A) L.P.,CVC Capital,2024.0,542707336.0,71879597.0,86768.0,82419502.0,82506270.0,1.0,0.0012071297506022467,1.1466327781442625,,CalPERS,"June 30, 2025"
"EII-C SPV, LP","EII-C SPV,",2024.0,95000000.0,65243109.0,0.0,73724171.0,73724171.0,1.0,0.0,1.129991690003614,,CalPERS,"June 30, 2025"
"Ember Infrastructure Fund II-B, LP",Ember Infrastructure,2024.0,100000000.0,28689828.0,1129629.0,28496804.0,29626433.0,1.0,0.039373850550794516,0.9932720405294866,,CalPERS,"June 30, 2025"
Forbion BioEconomy Fund I Co?peratief U.A.,Forbion BioEconomy,2024.0,40468016.0,6802599.0,0.0,6311443.0,6311443.0,1.0,0.0,0.9277987722045647,,CalPERS,"June 30, 2025"
Forbion Growth Opportunities Fund III Co?peratief U.A.,Forbion Growth,2024.0,388846002.0,45938822.0,1447269.0,90980882.0,92428151.0,1.0,0.03150426887306775,1.9804792121138848,,CalPERS,"June 30, 2025"
Forbion Ventures Fund VII Co?peratief U.A.,Forbion Ventures,2024.0,275916983.0,34927746.0,183920.0,32738124.0,32922044.0,1.0,0.005265727711144029,0.9373099540978109,,CalPERS,"June 30, 2025"
"FSP LR, L.P.","FSP LR,",2024.0,10000000.0,311850.0,0.0,14990.0,14990.0,1.0,0.0,0.048067981401314734,,CalPERS,"June 30, 2025"
"Gaia Investments, S.L.P.","Gaia Investments,",2024.0,120000000.0,68525000.0,0.0,69321865.0,69321865.0,1.0,0.0,1.011628821597957,,CalPERS,"June 30, 2025"
"General Catalyst Group XII - Creation, L.P.",General Catalyst,2024.0,200000000.0,125345491.0,242490.0,156373380.0,156615870.0,1.0,0.0019345729795737128,1.2475389322141632,,CalPERS,"June 30, 2025"
"General Catalyst Group XII - Endurance, L.P.",General Catalyst,2024.0,293500000.0,205277132.0,33867.0,206282883.0,206316750.0,1.0,0.00016498184512827273,1.0048994790125965,,CalPERS,"June 30, 2025"
"General Catalyst Group XII - Health Assurance, L.P.",General Catalyst,2024.0,100000000.0,42206028.0,4358.0,38508901.0,38513259.0,1.0,0.00010325539280787095,0.9124028681400675,,CalPERS,"June 30, 2025"
"General Catalyst Group XII - Ignition, L.P.",General Catalyst,2024.0,200000000.0,105176209.0,148420.0,116806403.0,116954823.0,1.0,0.00141115563501628,1.1105781821818659,,CalPERS,"June 30, 2025"
GI Data Infrastructure Fund II LP,GI Data,2024.0,150000000.0,56198563.0,0.0,59412419.0,59412419.0,1.0,0.0,1.0571875120721503,,CalPERS,"June 30, 2025"
GIM LTE Hazel L.P.,GIM LTE,2024.0,215000000.0,203850000.0,0.0,274369798.0,274369798.0,1.0,0.0,1.3459396517046849,,CalPERS,"June 30, 2025"
"Gold Hills Partners, L.P.",Gold Hills,2024.0,400000000.0,311723361.0,9264486.0,415851347.0,425115833.0,1.0,0.02972021721528917,1.3340397256912677,,CalPERS,"June 30, 2025"
"Gorseway Park PE, L.P.",Gorseway Park,2024.0,275750000.0,244838980.0,0.0,270638542.0,270638542.0,1.0,0.0,1.1053735887970126,,CalPERS,"June 30, 2025"
"GreatPoint Opportunity Fund I, L.P.",GreatPoint Opportunity,2024.0,100000000.0,85141851.0,0.0,94381545.0,94381545.0,1.0,0.0,1.1085211783803008,,CalPERS,"June 30, 2025"
"GSC I, L.P.","GSC I,",2024.0,1100000000.0,348193495.0,0.0,382639485.0,382639485.0,1.0,0.0,1.0989277240805433,,CalPERS,"June 30, 2025"
Hedosophia Partners VI L.P.,Hedosophia Partners,2024.0,60000000.0,29999996.0,0.0,41270432.0,41270432.0,1.0,0.0,1.3756812500908333,,CalPERS,"June 30, 2025"
Hedosophia Strategic Partners L.P.,Hedosophia Strategic,2024.0,14134615.0,12356231.0,0.0,12437509.0,12437509.0,1.0,0.0,1.0065778958001028,,CalPERS,"June 30, 2025"
"HongShan Capital Expansion Fund I, L.P.",HongShan Capital,2024.0,134000000.0,20770000.0,0.0,22141806.0,22141806.0,1.0,0.0,1.0660474723158402,,CalPERS,"June 30, 2025"
"Hornet Co-Invest, L.P.","Hornet Co-Invest,",2024.0,800000000.0,492162226.0,0.0,677583449.0,677583449.0,1.0,0.0,1.3767481801823613,,CalPERS,"June 30, 2025"
"Insight Partners XIII Growth Buyout Fund, L.P.",Insight Partners,2024.0,100000000.0,17000000.0,25474.0,19238651.0,19264125.0,1.0,0.001498470588235294,1.1316853529411766,,CalPERS,"June 30, 2025"
"Insight Partners XIII, L.P.",Insight Partners,2024.0,300000000.0,54563999.0,27042.0,55370705.0,55397747.0,1.0,0.0004956015045744723,1.0147845835126563,,CalPERS,"June 30, 2025"
"Jade Equity Investors II, L.P.",Jade Equity,2024.0,150000000.0,55295097.0,0.0,65342474.0,65342474.0,1.0,0.0,1.1817046636160164,,CalPERS,"June 30, 2025"
"JSC Capital Partners, L.P.",JSC Capital,2024.0,1175584265.0,1178998131.0,0.0,1385499032.0,1385499032.0,1.0,0.0,1.17514947273483,,CalPERS,"June 30, 2025"
"KOALA PACIFIC PARTNERSHIP, L.P.",KOALA PACIFIC,2024.0,200000000.0,150425662.0,0.0,177755044.0,177755044.0,1.0,0.0,1.1816803172852248,,CalPERS,"June 30, 2025"
"Lincoln Plaza Fund, L.P.",Lincoln Plaza,2024.0,2000000000.0,646334782.0,9063510.0,759443751.0,768507261.0,1.0,0.014022934015641449,1.1750005912570554,,CalPERS,"June 30, 2025"
"LS Investments C, L.P.",LS Investments,2024.0,650000000.0,506936627.0,0.0,589013362.0,589013362.0,1.0,0.0,1.1619072890544955,,CalPERS,"June 30, 2025"
"Mayfield XVII, a Delaware Limited Partnership",Mayfield,2024.0,21000000.0,3360000.0,0.0,4557446.0,4557446.0,1.0,0.0,1.356382738095238,,CalPERS,"June 30, 2025"
"MBK Partners Fund VI, L.P.",MBK Partners,2024.0,250000000.0,49503729.0,134737.0,32924004.0,33058741.0,1.0,0.002721754557116293,0.6650812911487941,,CalPERS,"June 30, 2025"
"New Mountain Partners VII, L.P.",New Mountain,2024.0,250000000.0,43964888.0,0.0,52375994.0,52375994.0,1.0,0.0,1.191314168706628,,CalPERS,"June 30, 2025"
"Pioneer Pier Investments, L.P.",Pioneer Pier,2024.0,300000000.0,51050648.0,1043992.0,68112052.0,69156044.0,1.0,0.020450122396095737,1.334205434571565,,CalPERS,"June 30, 2025"
Pophouse Fund (No. 1) SCS,Pophouse Fund,2024.0,113118526.0,31084426.0,593474.0,31056953.0,31650427.0,1.0,0.01909232617002482,0.9991161812027669,,CalPERS,"June 30, 2025"
"Prysm Capital Fund II-C, L.P.",Prysm Capital,2024.0,200000000.0,133042956.0,0.0,237411471.0,237411471.0,1.0,0.0,1.7844723098305182,,CalPERS,"June 30, 2025"
RC CC Fund LP,RC CC,2024.0,750000000.0,541639800.0,0.0,722263218.0,722263218.0,1.0,0.0,1.3334751582140012,,CalPERS,"June 30, 2025"
River City Investments PCC,River City,2024.0,150000000.0,25800000.0,0.0,27640594.0,27640594.0,1.0,0.0,1.0713408527131782,,CalPERS,"June 30, 2025"
"Set Builders II, LP",Set Builders,2024.0,70000000.0,44522322.0,0.0,55579963.0,55579963.0,1.0,0.0,1.2483617318970919,,CalPERS,"June 30, 2025"
"Shoreline, L.P.","Shoreline, L.P.",2024.0,200000000.0,77944757.0,0.0,79058295.0,79058295.0,1.0,0.0,1.0142862463475253,,CalPERS,"June 30, 2025"
"SignalFire Seed Fund V, L.P.",SignalFire Seed,2024.0,94044821.0,9874706.0,0.0,9847992.0,9847992.0,1.0,0.0,0.9972947042676511,,CalPERS,"June 30, 2025"
"SignalFire XIR Venture Fund II, L.P.",SignalFire XIR,2024.0,51818128.0,17099982.0,0.0,15634730.0,15634730.0,1.0,0.0,0.91431265834081,,CalPERS,"June 30, 2025"
"Silver Lake Partners VII, L.P.",Silver Lake,2024.0,370000000.0,118480583.0,163572.0,147605250.0,147768822.0,1.0,0.0013805806475479616,1.245818059487435,,CalPERS,"June 30, 2025"
"Springblue A-V, L.P.","Springblue A-V,",2024.0,60000000.0,17100000.0,0.0,18184905.0,18184905.0,1.0,0.0,1.0634447368421052,,CalPERS,"June 30, 2025"
"The Veritas Capital Fund IX, L.P.",The Veritas,2024.0,400000000.0,5027427.0,4149.0,0.0,4149.0,1.0,0.0008252730472267424,0.0,,CalPERS,"June 30, 2025"
"Three Pillars Secondaries Fund, LP",Three Pillars,2024.0,1500000000.0,226875000.0,31875000.0,396093916.0,427968916.0,1.0,0.14049586776859505,1.7458685002754821,,CalPERS,"June 30, 2025"
"Thrive Capital Partners IX Growth, L.P.",Thrive Capital,2024.0,365742209.0,153443494.0,0.0,185123129.0,185123129.0,1.0,0.0,1.2064579877202222,,CalPERS,"June 30, 2025"
"Thrive Capital Partners Opportunity Fund, L.P.",Thrive Capital,2024.0,179000000.0,114974381.0,0.0,138239265.0,138239265.0,1.0,0.0,1.2023484170791057,,CalPERS,"June 30, 2025"
"Towerbrook Investors VI (Onshore), L.P.",Towerbrook Investors,2024.0,100000000.0,52648252.0,90072.0,58479657.0,58569729.0,1.0,0.0017108260308433413,1.1107616070520252,,CalPERS,"June 30, 2025"
"TPG Asia VIII (A), L.P.",TPG Asia,2024.0,250000000.0,105999569.0,0.0,124238414.0,124238414.0,1.0,0.0,1.1720652750955998,,CalPERS,"June 30, 2025"
"TPG GP Solutions (A), L.P.",TPG GP,2024.0,100000000.0,32679829.0,0.0,36483741.0,36483741.0,1.0,0.0,1.1163993850763418,,CalPERS,"June 30, 2025"
"TPG Growth VI, L.P.",TPG Growth,2024.0,200000000.0,74267435.0,157853.0,79985677.0,80143530.0,1.0,0.0021254672387702634,1.076995280636796,,CalPERS,"June 30, 2025"
"TPG Life Sciences Innovations, L.P.",TPG Life,2024.0,75000000.0,26320566.0,0.0,18235648.0,18235648.0,1.0,0.0,0.6928288700174609,,CalPERS,"June 30, 2025"
"Triangle Investment Opportunities II, L.P.",Triangle Investment,2024.0,1000000000.0,110990194.0,0.0,366344224.0,366344224.0,1.0,0.0,3.300690005100811,,CalPERS,"June 30, 2025"
Verdane Edda III (D1) AB,Verdane Edda,2024.0,114475623.0,33329164.0,0.0,44780078.0,44780078.0,1.0,0.0,1.3435703937848547,,CalPERS,"June 30, 2025"
Whitney Global Partners II L.P.,Whitney Global,2024.0,281660033.0,142216222.0,0.0,168029776.0,168029776.0,1.0,0.0,1.181509209265874,,CalPERS,"June 30, 2025"
Wigeavenmore Co-Investment LP,Wigeavenmore Co-Investment,2024.0,296173176.0,179429651.0,0.0,249904975.0,249904975.0,1.0,0.0,1.392774124049319,,CalPERS,"June 30, 2025"
"2024 Golden Bay, L.P.",2024 Golden,2025.0,100000000.0,24096354.0,0.0,25902684.0,25902684.0,1.0,0.0,1.0749627931262962,,CalPERS,"June 30, 2025"
"Accel-KKR Capital Partners VII, LP",Accel,2025.0,180000000.0,2515603.0,0.0,0.0,0.0,1.0,0.0,0.0,,CalPERS,"June 30, 2025"
"Apollo S3 Equity & Hybrid Solutions Fund, L.P.",Apollo S3,2025.0,175000000.0,42194086.0,0.0,50714995.0,50714995.0,1.0,0.0,1.2019455759747941,,CalPERS,"June 30, 2025"
"Bear Coast Partnerships, L.P.",Bear Coast,2025.0,150000000.0,6139595.0,0.0,5116908.0,5116908.0,1.0,0.0,0.8334276120819044,,CalPERS,"June 30, 2025"
"Berkshire Fund XI, L.P.",Berkshire Fund,2025.0,300000000.0,5229134.0,0.0,3461594.0,3461594.0,1.0,0.0,0.6619822708693256,,CalPERS,"June 30, 2025"
Blackstone Capital Partners IX L.P.,Blackstone Capital,2025.0,200000000.0,11975471.0,0.0,10359141.0,10359141.0,1.0,0.0,0.8650299432899132,,CalPERS,"June 30, 2025"
Cap Co-Invest LP,Cap Co-Invest,2025.0,100000000.0,12970000.0,0.0,14011925.0,14011925.0,1.0,0.0,1.0803334618350038,,CalPERS,"June 30, 2025"
CF24XB SCSp,CF24XB SCSp,2025.0,30906908.0,24725526.0,0.0,30455659.0,30455659.0,1.0,0.0,1.2317496905829224,,CalPERS,"June 30, 2025"
EQT Healthcare Growth (No.2) SCSp,EQT Healthcare,2025.0,117024198.0,34073192.0,0.0,31902859.0,31902859.0,1.0,0.0,0.9363037956643452,,CalPERS,"June 30, 2025"
"Francisco Partners Agility III, L.P.",Francisco Partners,2025.0,100000000.0,2100000.0,0.0,2787055.0,2787055.0,1.0,0.0,1.3271690476190476,,CalPERS,"June 30, 2025"
"GA Continuity II (GT) Fund, L.P.",GA Continuity,2025.0,31619538.0,28122024.0,0.0,35080612.0,35080612.0,1.0,0.0,1.2474426449532936,,CalPERS,"June 30, 2025"
"GB Palisade Partners, L.P.",GB Palisade,2025.0,70000000.0,55421986.0,0.0,55145612.0,55145612.0,1.0,0.0,0.9950132786652575,,CalPERS,"June 30, 2025"
"Generation IM Sustainable Private Equity Fund II (A), ILP",Generation IM,2025.0,100000000.0,9846194.0,0.0,9273230.0,9273230.0,1.0,0.0,0.9418085810618804,,CalPERS,"June 30, 2025"
"Griffin Gaming Partners III, L.P.",Griffin Gaming,2025.0,50000000.0,10000000.0,0.0,8030780.0,8030780.0,1.0,0.0,0.803078,,CalPERS,"June 30, 2025"
"Highland Citrus Holdings, L.P.",Highland Citrus,2025.0,100000000.0,5049000.0,0.0,4965719.0,4965719.0,1.0,0.0,0.9835054466230937,,CalPERS,"June 30, 2025"
"Jomo Growth Opportunities Fund, L.P.",Jomo Growth,2025.0,100000000.0,7004333.0,0.0,6742107.0,6742107.0,1.0,0.0,0.9625623167830542,,CalPERS,"June 30, 2025"
"Lightspeed Opportunity Fund III, L.P.",Lightspeed,2025.0,200000000.0,50000000.0,0.0,48449498.0,48449498.0,1.0,0.0,0.96898996,,CalPERS,"June 30, 2025"
"Lightspeed Venture Partners Select VI, L.P.",Lightspeed,2025.0,100000000.0,20000000.0,0.0,18744907.0,18744907.0,1.0,0.0,0.93724535,,CalPERS,"June 30, 2025"
"Lightspeed Venture Partners XV-A (Inception), L.P.",Lightspeed,2025.0,45000000.0,3150000.0,0.0,2807208.0,2807208.0,1.0,0.0,0.8911771428571429,,CalPERS,"June 30, 2025"
"Lightspeed Venture Partners XV-B (Ignite), L.P.",Lightspeed,2025.0,55000000.0,7150000.0,0.0,6900689.0,6900689.0,1.0,0.0,0.9651313286713287,,CalPERS,"June 30, 2025"
"Mayfield Select III, a Delaware Limited Partnership",Mayfield,2025.0,24000000.0,4800000.0,0.0,4716999.0,4716999.0,1.0,0.0,0.982708125,,CalPERS,"June 30, 2025"
"Noosa SPV, LP","Noosa SPV,",2025.0,50000000.0,9000360.0,0.0,8586468.0,8586468.0,1.0,0.0,0.9540138394464222,,CalPERS,"June 30, 2025"
"Otro Capital Fund I-A, LP",Otro Capital,2025.0,50000000.0,17225760.0,109436.0,18735713.0,18845149.0,1.0,0.006353043349030754,1.0876566839431177,,CalPERS,"June 30, 2025"
"Parker Capital Partners, L.P.",Parker Capital,2025.0,300000000.0,100431304.0,0.0,100015735.0,100015735.0,1.0,0.0,0.9958621566837368,,CalPERS,"June 30, 2025"
Pophouse Investment Platform SCA SICAV-RAIF ? Pophouse Co-Investment Fund II,Pophouse Investment,2025.0,38381453.0,21354817.0,0.0,23648102.0,23648102.0,1.0,0.0,1.107389588025971,,CalPERS,"June 30, 2025"
PSG VI L.P.,PSG VI,2025.0,250000000.0,25672570.0,621981.0,17747475.0,18369456.0,1.0,0.024227453659684248,0.6913010656899562,,CalPERS,"June 30, 2025"
"SignalFire Early Fund IV, L.P.",SignalFire Early,2025.0,94044821.0,18338740.0,0.0,17639838.0,17639838.0,1.0,0.0,0.9618893119156496,,CalPERS,"June 30, 2025"
"SignalFire Eureka Fund, L.P.",SignalFire Eureka,2025.0,150000000.0,28228870.0,0.0,28221897.0,28221897.0,1.0,0.0,0.9997529833819065,,CalPERS,"June 30, 2025"
"Strategic Partners (A), L.P.",Strategic Partners,2025.0,300000000.0,26017048.0,0.0,27178649.0,27178649.0,1.0,0.0,1.0446476863939367,,CalPERS,"June 30, 2025"
"TA XV-A, L.P.","TA XV-A,",2025.0,300000000.0,36000000.0,0.0,31281272.0,31281272.0,1.0,0.0,0.8689242222222222,,CalPERS,"June 30, 2025"
"Thoma Bravo Europe Fund, L.P.",Thoma Bravo,2025.0,114289385.0,36774777.0,0.0,46233415.0,46233415.0,1.0,0.0,1.2572044964405902,,CalPERS,"June 30, 2025"
"Thrive Capital Partners IX, L.P.",Thrive Capital,2025.0,104497791.0,13284543.0,0.0,12346590.0,12346590.0,1.0,0.0,0.9293951624831956,,CalPERS,"June 30, 2025"
"TPG NEXT (A), L.P.",TPG NEXT,2025.0,500000000.0,13950655.0,2255097.0,0.0,2255097.0,1.0,0.16164810899559914,0.0,,CalPERS,"June 30, 2025"
Fund,Fund,,,,,,,,,,,CalPERS,"June 30, 2025"
