investment_name,"initial_investment
date","capital
committed","paid-in
capital
a",unfunded_commitment,"current
market_value
b","capital
distributed_1
c_","total_value
b+c","total_value
multiple
b+c_a","gain_since
inception
b+c-a","net
irr_2",strategy_type,source,scraped_date,reporting_period
Corporate Finance/Buyout - Large,,,Contributions,Unfunded - Local,Adjusted Market Value,Distributions,,,,,Buyout,WSIB,2026-02-18,ir093024
"Advent International GPE VII-B, L.P.",8/27/2012,"400,000,000","384,020,122","16,000,020","44,295,946","651,657,497","695,953,443",1.8x,"311,933,321",13.23%,Buyout,WSIB,2026-02-18,ir093024
"Affinity Asia Pacific Fund V, L.P.",12/11/2018,"350,000,000","241,879,593","122,406,319","241,671,627","61,025,406","302,697,033",1.3x,"60,817,440",8.98%,Buyout,WSIB,2026-02-18,ir093024
"Apax Europe V-A, L.P.",4/19/2001,"111,912,000","144,302,068",-,-,"303,563,931","303,563,931",2.1x,"159,261,863",36.19%,Buyout,WSIB,2026-02-18,ir093024
"BC European Capital VI, L.P.",8/4/1998,"35,302,451","27,651,447",-,-,"75,534,053","75,534,053",2.7x,"47,882,605",24.02%,Buyout,WSIB,2026-02-18,ir093024
"BC European Capital VII, L.P.",4/25/2000,"108,149,740","108,149,740",-,"662,469","273,769,667","274,432,135",2.5x,"166,282,395",23.73%,Buyout,WSIB,2026-02-18,ir093024
"BC European Capital VIII, L.P.",12/13/2005,"304,206,529","296,253,618","10,547,807","185,360","364,910,708","365,096,068",1.2x,"68,842,450",4.46%,Buyout,WSIB,2026-02-18,ir093024
"Blackstone Capital Partners Asia II, L.P.",11/21/2022,"250,000,000","75,396,304","176,149,058","106,600,658","3,043,800","109,644,458",1.5x,"34,248,154",34.26%,Buyout,WSIB,2026-02-18,ir093024
"Bridgepoint Europe III, L.P.",12/6/2005,"134,939,372","127,746,676","4,468,825","3,840,497","152,285,161","156,125,658",1.2x,"28,378,981",2.40%,Buyout,WSIB,2026-02-18,ir093024
"Bridgepoint Europe IV, L.P.",11/14/2008,"193,979,121","190,616,097","10,122,635","30,909,114","267,032,220","297,941,334",1.6x,"107,325,237",9.33%,Buyout,WSIB,2026-02-18,ir093024
"Bridgepoint Europe IV, L.P. (Secondary Purchase)",2/25/2016,"33,222,296","30,504,348","2,530,659","7,714,994","31,962,985","39,677,979",1.3x,"9,173,631",8.78%,Buyout,WSIB,2026-02-18,ir093024
"Bridgepoint Europe V, L.P.",2/8/2016,"256,992,263","244,784,653","20,853,759","116,242,772","346,769,412","463,012,184",1.9x,"218,227,531",16.39%,Buyout,WSIB,2026-02-18,ir093024
"Bridgepoint Europe VI, L.P.",4/1/2019,"392,600,790","376,444,932","16,155,859","475,308,681","108,317,757","583,626,437",1.6x,"207,181,506",14.70%,Buyout,WSIB,2026-02-18,ir093024
Bridgepoint Europe VII L.P.,1/22/2024,"193,745,414","47,306,655","146,442,962","46,312,116","134,220","46,446,336",1.0x,"(860,318)",(2.65%),Buyout,WSIB,2026-02-18,ir093024
"Charterhouse Capital Partners IX, L.P.",1/7/2009,"273,360,000","252,108,597",-,-,"338,298,618","338,298,618",1.3x,"86,190,022",9.40%,Buyout,WSIB,2026-02-18,ir093024
"Charterhouse Capital Partners VIII, L.P.",7/20/2006,"166,670,000","171,675,494",-,-,"165,037,385","165,037,385",1.0x,"(6,638,109)",(0.63%),Buyout,WSIB,2026-02-18,ir093024
"Cinven Fifth Fund, L.P.",8/28/2012,"228,670,561","258,893,456",-,"58,807,163","375,595,190","434,402,353",1.7x,"175,508,898",17.42%,Buyout,WSIB,2026-02-18,ir093024
Cinven Third Fund,1/11/2002,"128,455,004","135,871,881",-,"730,640","281,718,299","282,448,939",2.1x,"146,577,058",31.90%,Buyout,WSIB,2026-02-18,ir093024
"Clayton, Dubilier & Rice Fund V, L.P.",5/3/1995,"40,000,000","42,472,920",-,-,"49,716,196","49,716,196",1.2x,"7,243,276",2.29%,Buyout,WSIB,2026-02-18,ir093024
"Clayton, Dubilier & Rice Fund VI, L.P.",12/9/1998,"200,000,000","217,312,776",-,"5,621","333,128,532","333,134,153",1.5x,"115,821,377",9.53%,Buyout,WSIB,2026-02-18,ir093024
"Cypress Merchant Banking Partners, LP",9/8/1995,"40,000,000","41,650,938",-,-,"50,600,565","50,600,565",1.2x,"8,949,626",2.65%,Buyout,WSIB,2026-02-18,ir093024
"Doughty Hanson & Co Fund II, L.P.",3/6/1996,"16,517,093","17,228,621",-,-,"36,342,067","36,342,067",2.1x,"19,113,445",48.83%,Buyout,WSIB,2026-02-18,ir093024
"Doughty Hanson & Co III, L.P.",11/3/1997,"100,000,000","106,788,534",-,-,"205,158,080","205,158,080",1.9x,"98,369,546",13.58%,Buyout,WSIB,2026-02-18,ir093024
"First Reserve Fund XIII, L.P.",7/15/2014,"400,000,000","481,365,192","22,117,236","164,307,966","276,303,403","440,611,369",0.9x,"(40,753,823)",(2.37%),Buyout,WSIB,2026-02-18,ir093024
"Fortress Investment Fund IV, L.P.",7/10/2006,"200,000,000","231,945,383","2,625,763","13,247,574","193,200,538","206,448,112",0.9x,"(25,497,271)",(1.42%),Buyout,WSIB,2026-02-18,ir093024
"Fortress Investment Fund IV, L.P. - Co-Investment",7/24/2006,"25,000,000","28,213,679",1,"877,308","20,249,733","21,127,041",0.7x,"(7,086,638)",(3.62%),Buyout,WSIB,2026-02-18,ir093024
"Fortress Investment Fund V, L.P.",7/23/2007,"250,000,000","249,238,623","5,498,709","110,262,723","270,221,311","380,484,034",1.5x,"131,245,411",4.31%,Buyout,WSIB,2026-02-18,ir093024
"Fortress Investment Fund V, L.P. - Co-Investment",7/24/2007,"50,000,000","49,562,848","437,152","11,433,934","15,897,579","27,331,513",0.6x,"(22,231,335)",(4.95%),Buyout,WSIB,2026-02-18,ir093024
"Francisco Partners V, L.P.",5/29/2018,"200,000,000","194,103,594","5,900,000","269,801,711","154,224,494","424,026,205",2.2x,"229,922,611",19.46%,Buyout,WSIB,2026-02-18,ir093024
"Francisco Partners VI, L.P.",1/26/2021,"300,000,000","282,300,688","17,700,000","355,317,710","36,759,395","392,077,105",1.4x,"109,776,417",15.54%,Buyout,WSIB,2026-02-18,ir093024
"GI Partners Fund VI, L.P.",9/29/2021,"300,000,000","217,033,727","82,966,273","265,239,157",-,"265,239,157",1.2x,"48,205,430",9.20%,Buyout,WSIB,2026-02-18,ir093024
"Green Equity Investors V, L.P.",8/10/2007,"205,000,000","221,956,288","10,079,629","762,414","504,268,565","505,030,979",2.3x,"283,074,692",18.15%,Buyout,WSIB,2026-02-18,ir093024
"Green Equity Investors VI, L.P.",11/30/2012,"300,000,000","354,366,468","6,187,882","309,580,718","423,480,981","733,061,699",2.1x,"378,695,231",13.59%,Buyout,WSIB,2026-02-18,ir093024
"GTCR Fund XII, L.P.",5/4/2018,"400,000,000","411,461,794","60,614,756","503,851,990","253,323,212","757,175,202",1.8x,"345,713,408",21.56%,Buyout,WSIB,2026-02-18,ir093024
"GTCR Fund XIII, L.P.",9/7/2021,"535,000,000","392,826,425","142,173,575","460,030,640","59,451,914","519,482,554",1.3x,"126,656,129",19.19%,Buyout,WSIB,2026-02-18,ir093024
GTCR Fund XIV LP,10/23/2024,"650,000,000",-,"650,000,000","6,854,579",-,"6,854,579",N/A,"6,854,579",N/A,Buyout,WSIB,2026-02-18,ir093024
"Hellman & Friedman Capital Partners V, L.P.",12/10/2004,"75,000,000","68,924,749",-,-,"183,287,452","183,287,452",2.7x,"114,362,703",27.91%,Buyout,WSIB,2026-02-18,ir093024
"KKR Asian Fund II, L.P.",10/4/2013,"400,000,000","535,141,573",-,"169,409,476","436,291,814","605,701,290",1.1x,"70,559,717",3.18%,Buyout,WSIB,2026-02-18,ir093024
"KKR E2 Investors, L.P.",10/2/2009,"39,570,693","41,266,032",-,-,"37,745,153","37,745,153",0.9x,"(3,520,879)",(2.87%),Buyout,WSIB,2026-02-18,ir093024
"KKR European Fund II, L.P.",11/29/2005,"500,000,000","605,459,979",-,-,"794,827,901","794,827,901",1.3x,"189,367,922",4.78%,Buyout,WSIB,2026-02-18,ir093024
"KKR European Fund III, L.P. - USD",3/17/2008,"660,429,307","699,063,731","100,226,479","7,203,513","1,087,389,381","1,094,592,894",1.6x,"395,529,163",11.00%,Buyout,WSIB,2026-02-18,ir093024
"KKR European Fund V, L.P. - USD",1/15/2020,"300,000,000","285,291,402","33,115,141","328,020,505","65,385,135","393,405,640",1.4x,"108,114,238",11.45%,Buyout,WSIB,2026-02-18,ir093024
KKR European Fund VI (USD) SCSp,5/30/2023,"300,000,000","76,359,073","231,768,968","40,273,195",876,"40,274,071",0.5x,"(36,085,002)",(44.24%),Buyout,WSIB,2026-02-18,ir093024
"KKR European Fund, L.P.",11/4/1999,"400,000,000","532,871,266",-,-,"1,094,978,319","1,094,978,319",2.1x,"562,107,053",19.73%,Buyout,WSIB,2026-02-18,ir093024
"Madison Dearborn Capital Partners III, L.P.",4/6/1999,"109,900,000","116,707,693",-,-,"174,315,070","174,315,070",1.5x,"57,607,377",8.57%,Buyout,WSIB,2026-02-18,ir093024
"Madison Dearborn Capital Partners IV, L.P.",12/4/2000,"300,000,000","364,395,330",-,-,"638,627,317","638,627,317",1.8x,"274,231,987",13.91%,Buyout,WSIB,2026-02-18,ir093024
"Madison Dearborn Capital Partners V, L.P.",7/31/2006,"175,000,000","203,394,521","2,686,108","416,273","315,748,553","316,164,826",1.6x,"112,770,305",7.48%,Buyout,WSIB,2026-02-18,ir093024
"Madison Dearborn Capital Partners VI, L.P.",5/27/2008,"150,000,000","173,190,957","35,050,449","186,192","373,908,457","374,094,649",2.2x,"200,903,692",23.17%,Buyout,WSIB,2026-02-18,ir093024
"Madison Dearborn Capital Partners VIII, L.P.",11/20/2020,"250,000,000","245,437,897","51,144,370","225,276,948","79,399,893","304,676,841",1.2x,"59,238,944",11.81%,Buyout,WSIB,2026-02-18,ir093024
"New Mountain Partners V, L.P.",11/29/2017,"200,000,000","203,627,703","18,381,770","196,953,592","294,284,809","491,238,401",2.4x,"287,610,698",27.19%,Buyout,WSIB,2026-02-18,ir093024
"Nordic Capital CV1 Beta, L.P.",4/18/2018,"200,745,229","226,723,789",-,"382,750","339,929,449","340,312,199",1.5x,"113,588,410",12.63%,Buyout,WSIB,2026-02-18,ir093024
"Nordic Capital Fund IX, L.P.",3/26/2019,"341,639,883","372,982,141","143,352,073","473,019,055","174,694,331","647,713,386",1.7x,"274,731,245",17.33%,Buyout,WSIB,2026-02-18,ir093024
"Nordic Capital Fund VII, L.P.",4/14/2008,"403,482,158","467,396,815",-,-,"617,110,680","617,110,680",1.3x,"149,713,866",5.18%,Buyout,WSIB,2026-02-18,ir093024
"Nordic Capital Fund VIII, L.P.",6/7/2013,"397,351,392","493,222,183","27,636,932","114,812,190","642,339,456","757,151,646",1.5x,"263,929,463",11.98%,Buyout,WSIB,2026-02-18,ir093024
"Nordic Capital Fund X, L.P.",5/19/2021,"409,810,018","374,622,186","76,004,185","476,692,746","40,816,353","517,509,099",1.4x,"142,886,913",17.82%,Buyout,WSIB,2026-02-18,ir093024
"Nordic Capital Fund XI, L.P.",9/15/2023,"297,651,603","97,181,453","200,628,640","100,208,791","158,490","100,367,281",1.0x,"3,185,828",5.71%,Buyout,WSIB,2026-02-18,ir093024
"PAG Asia II, L.P.",5/5/2016,"150,000,000","146,907,900","10,069,841","180,191,818","87,464,235","267,656,053",1.8x,"120,748,153",11.96%,Buyout,WSIB,2026-02-18,ir093024
"PAG Asia III, L.P.",9/27/2019,"350,000,000","325,796,446","47,043,923","358,962,069","63,242,873","422,204,942",1.3x,"96,408,496",9.26%,Buyout,WSIB,2026-02-18,ir093024
PAI Europe VII,9/25/2019,"166,608,665","146,561,973","20,662,961","197,625,990","31,165,266","228,791,255",1.6x,"82,229,282",15.57%,Buyout,WSIB,2026-02-18,ir093024
"PAI Europe VIII, L.P.",7/18/2023,"193,936,516","74,968,822","118,967,695","75,946,381",-,"75,946,381",1.0x,"977,559",4.66%,Buyout,WSIB,2026-02-18,ir093024
"Permira V, L.P.",6/12/2014,"378,061,693","386,434,790","10,023,521","221,707,559","861,979,955","1,083,687,514",2.8x,"697,252,724",21.01%,Buyout,WSIB,2026-02-18,ir093024
"Providence Equity Partners VII, L.P.",5/9/2012,"300,000,000","473,890,637","19,833,951","156,161,797","785,447,437","941,609,234",2.0x,"467,718,597",21.02%,Buyout,WSIB,2026-02-18,ir093024
"Providence Equity Partners VIII, L.P.",7/17/2019,"400,000,000","442,223,947","64,120,173","522,601,049","126,217,181","648,818,230",1.5x,"206,594,283",14.57%,Buyout,WSIB,2026-02-18,ir093024
PSG VI L.P.,N/A,"200,000,000",-,"200,000,000","(4,412,486)",-,"(4,412,486)",N/A,"(4,412,486)",N/A,Buyout,WSIB,2026-02-18,ir093024
"Searchlight Capital Partners III, L.P.",2/10/2020,"300,000,000","298,359,075","65,630,267","346,197,262","132,806,836","479,004,098",1.6x,"180,645,023",24.49%,Buyout,WSIB,2026-02-18,ir093024
"Thoma Bravo Discover Fund III, L.P.",6/11/2021,"100,000,000","100,682,380","3,896,786","129,368,189","4,579,166","133,947,355",1.3x,"33,264,975",10.62%,Buyout,WSIB,2026-02-18,ir093024
"Towerbrook Investors IV, L.P.",10/1/2013,"200,000,000","167,144,544","70,078,278","113,081,266","232,115,333","345,196,599",2.1x,"178,052,055",17.90%,Buyout,WSIB,2026-02-18,ir093024
"Towerbrook Investors V, L.P.",3/6/2020,"450,000,000","461,753,168","44,811,971","569,281,103","91,803,642","661,084,745",1.4x,"199,331,577",15.69%,Buyout,WSIB,2026-02-18,ir093024
"TowerBrook Investors VI, L.P.",7/3/2023,"450,000,000","213,728,973","236,271,027","226,883,416",-,"226,883,416",1.1x,"13,154,443",8.51%,Buyout,WSIB,2026-02-18,ir093024
"TPG Partners III, L.P.",2/10/2000,"82,000,000","78,665,863",-,-,"191,042,152","191,042,152",2.4x,"112,376,289",24.50%,Buyout,WSIB,2026-02-18,ir093024
"TPG Partners IV, L.P.",12/9/2003,"175,000,000","195,380,953","12,903,817","190,134","372,549,634","372,739,768",1.9x,"177,358,815",15.24%,Buyout,WSIB,2026-02-18,ir093024
TPG Asia VIII,9/1/2023,"150,000,000","44,111,535","106,002,484","49,786,425","385,539","50,171,964",1.1x,"6,060,429",16.87%,Buyout,WSIB,2026-02-18,ir093024
"TPG Rise Climate II, L.P.",1/10/2025,"400,000,000",-,"400,000,000",-,-,-,N/A,-,N/A,Buyout,WSIB,2026-02-18,ir093024
"Trident IX, L.P.",6/24/2022,"300,000,000","216,540,733","88,746,405","261,787,723","5,287,138","267,074,861",1.2x,"50,534,128",17.75%,Buyout,WSIB,2026-02-18,ir093024
"Trident VII, L.P.",10/30/2017,"250,000,000","304,267,882","14,179,640","387,917,482","253,446,266","641,363,748",2.1x,"337,095,866",18.97%,Buyout,WSIB,2026-02-18,ir093024
"Trident VIII, L.P.",4/8/2020,"300,000,000","293,079,263","34,440,173","392,610,337","53,584,733","446,195,070",1.5x,"153,115,806",13.86%,Buyout,WSIB,2026-02-18,ir093024
"Triton Fund V, L.P.",10/18/2019,"289,408,796","239,973,412",-,-,"301,753,526","301,753,526",1.3x,"61,780,114",9.69%,Buyout,WSIB,2026-02-18,ir093024
"Vestar Capital Partners IV, L.P.",12/15/1999,"55,000,000","54,378,974",-,-,"95,903,127","95,903,127",1.8x,"41,524,153",13.44%,Buyout,WSIB,2026-02-18,ir093024
"Vestar Capital Partners V, L.P.",12/19/2005,"100,000,000","101,173,368",-,-,"133,628,337","133,628,337",1.3x,"32,454,969",3.88%,Buyout,WSIB,2026-02-18,ir093024
"Welsh, Carson, Anderson & Stowe IX, L.P.",7/10/2000,"300,000,000","297,000,000",-,-,"493,604,200","493,604,200",1.7x,"196,604,200",11.19%,Buyout,WSIB,2026-02-18,ir093024
"Welsh, Carson, Anderson & Stowe VII, LP",12/21/1995,"40,000,000","40,000,000",-,-,"87,022,629","87,022,629",2.2x,"47,022,629",17.70%,Buyout,WSIB,2026-02-18,ir093024
"Welsh, Carson, Anderson & Stowe VIII, L.P.",7/24/1998,"150,000,000","150,000,000",-,-,"193,225,290","193,225,290",1.3x,"43,225,290",3.12%,Buyout,WSIB,2026-02-18,ir093024
Investment Name,"Initial Investment
Date","Capital
Committed","Paid-In
Capital
(A)",Unfunded Commitment,"Current
Market Value
(B)","Capital
Distributed (1)
(C )","Total Value
(B+C)","Total Value
Multiple
(B+C)/A","Gain Since
Inception
(B+C)-A","Net
IRR (2)",Buyout,WSIB,2026-02-18,ir093024
Corporate Finance/Buyout - Mega,,,,,,,,,,,Buyout,WSIB,2026-02-18,ir093024
"Advent International GPE IX, L.P.",10/21/2019,"600,000,000","561,038,401","38,961,599","800,585,663","110,968,709","911,554,372",1.6x,"350,515,971",16.77%,Buyout,WSIB,2026-02-18,ir093024
"Advent International GPE VIII-B, L.P.",9/26/2016,"500,000,000","500,000,000",-,"446,435,956","601,650,769","1,048,086,725",2.1x,"548,086,725",16.63%,Buyout,WSIB,2026-02-18,ir093024
Advent International GPE X Limited Partnership,9/26/2022,"600,000,000","280,568,076","319,431,924","347,653,936",-,"347,653,936",1.2x,"67,085,860",21.56%,Buyout,WSIB,2026-02-18,ir093024
"Apax Europe VII-A, L.P.",6/25/2007,"159,294,481","178,298,745","1,529,309","1,784,029","218,907,094","220,691,123",1.2x,"42,392,379",4.31%,Buyout,WSIB,2026-02-18,ir093024
"Apax IX USD, L.P.",5/12/2017,"250,000,000","266,160,564","26,662,393","182,319,082","332,827,505","515,146,587",1.9x,"248,986,023",18.84%,Buyout,WSIB,2026-02-18,ir093024
Apax VIII,12/17/2012,"254,916,765","317,263,057","10,624,670","25,071,121","479,465,097","504,536,218",1.6x,"187,273,160",12.99%,Buyout,WSIB,2026-02-18,ir093024
"Apax X, L.P.",11/11/2020,"350,000,000","339,156,053","63,421,959","387,294,122","45,684,119","432,978,241",1.3x,"93,822,187",11.44%,Buyout,WSIB,2026-02-18,ir093024
"Apax XI, L.P.",1/5/2024,"300,000,000","28,589,072","271,410,928","31,139,175",-,"31,139,175",1.1x,"2,550,103",32.61%,Buyout,WSIB,2026-02-18,ir093024
"BC European Capital IX, L.P.",9/19/2011,"226,526,550","262,199,375","3,510,123","77,340,604","328,852,833","406,193,437",1.5x,"143,994,062",9.84%,Buyout,WSIB,2026-02-18,ir093024
"Blackstone Capital Partners V, L.P.",4/13/2006,"400,000,000","429,903,039","20,624,497","2,221,325","719,041,971","721,263,296",1.7x,"291,360,257",8.81%,Buyout,WSIB,2026-02-18,ir093024
"Blackstone Capital Partners VI, L.P.",1/24/2011,"300,000,000","325,640,129","32,926,548","71,593,909","516,281,628","587,875,537",1.8x,"262,235,408",12.22%,Buyout,WSIB,2026-02-18,ir093024
"Blackstone Capital Partners VII, L.P.",5/31/2016,"450,000,000","478,271,053","32,214,469","396,254,709","399,962,002","796,216,711",1.7x,"317,945,657",13.03%,Buyout,WSIB,2026-02-18,ir093024
"Blackstone Capital Partners VIII, L.P.",2/22/2021,"750,000,000","611,576,333","202,712,267","701,837,012","64,288,600","766,125,612",1.3x,"154,549,279",11.44%,Buyout,WSIB,2026-02-18,ir093024
"Carlyle Partners VII, L.P.",12/19/2018,"600,000,000","626,916,773","25,053,356","746,030,884","102,600,897","848,631,781",1.4x,"221,715,008",8.04%,Buyout,WSIB,2026-02-18,ir093024
"Carlyle Partners VIII, L.P.",7/7/2022,"300,000,000","163,763,789","150,531,763","168,807,341","14,174,146","182,981,487",1.1x,"19,217,698",9.15%,Buyout,WSIB,2026-02-18,ir093024
Cinven Fourth Fund,1/22/2007,"167,605,199","171,890,372",-,"104,268","250,488,215","250,592,483",1.5x,"78,702,111",7.48%,Buyout,WSIB,2026-02-18,ir093024
Cinven Seventh Fund,4/7/2020,"334,437,034","320,432,464","14,004,570","412,021,794",-,"412,021,794",1.3x,"91,589,330",10.95%,Buyout,WSIB,2026-02-18,ir093024
Cinven Sixth Fund,5/24/2017,"286,061,744","291,464,202","23,975,859","242,139,983","324,530,402","566,670,385",1.9x,"275,206,183",17.53%,Buyout,WSIB,2026-02-18,ir093024
"First Reserve Fund XI, L.P.",12/14/2006,"300,000,000","341,787,301",-,-,"234,211,433","234,211,433",0.7x,"(107,575,868)",(9.45%),Buyout,WSIB,2026-02-18,ir093024
"First Reserve Fund XII, L.P.",8/25/2008,"400,000,000","460,931,914",-,"235,075","249,013,942","249,249,017",0.5x,"(211,682,897)",(17.86%),Buyout,WSIB,2026-02-18,ir093024
"Francisco Partners VII, L.P.",11/8/2023,"300,000,000","21,150,000","278,850,000","18,765,740",-,"18,765,740",0.9x,"(2,384,260)",(36.16%),Buyout,WSIB,2026-02-18,ir093024
"Green Equity Investors VII, L.P.",5/12/2017,"350,000,000","385,668,989","50,276,078","246,502,305","535,259,137","781,761,442",2.0x,"396,092,453",19.51%,Buyout,WSIB,2026-02-18,ir093024
"Green Equity Investors VIII, L.P.",10/21/2020,"400,000,000","378,173,460","52,554,960","491,091,067","30,728,420","521,819,487",1.4x,"143,646,027",11.73%,Buyout,WSIB,2026-02-18,ir093024
"Green Equity Investors IX, L.P.",8/15/2023,"325,000,000","96,776,401","231,691,451","107,807,861","3,467,852","111,275,713",1.1x,"14,499,312",32.07%,Buyout,WSIB,2026-02-18,ir093024
"Hellman & Friedman Capital Partners IX, L.P.",4/7/2020,"750,000,000","769,808,443","49,776,321","1,108,972,391","92,977,925","1,201,950,316",1.6x,"432,141,873",13.44%,Buyout,WSIB,2026-02-18,ir093024
"Hellman & Friedman Capital Partners VI, L.P.",6/5/2007,"275,000,000","291,526,665",-,-,"524,587,145","524,587,145",1.8x,"233,060,480",12.92%,Buyout,WSIB,2026-02-18,ir093024
"Hellman & Friedman Capital Partners VII, L.P.",8/11/2011,"400,000,000","382,582,896","17,286,462","35,778,638","1,261,618,418","1,297,397,056",3.4x,"914,814,160",24.64%,Buyout,WSIB,2026-02-18,ir093024
"Hellman & Friedman Capital Partners VIII, L.P.",9/1/2016,"600,000,000","620,680,252","33,530,917","684,190,125","402,144,044","1,086,334,169",1.8x,"465,653,917",11.74%,Buyout,WSIB,2026-02-18,ir093024
"Hellman & Friedman Capital Partners X, L.P.",11/24/2021,"1,000,000,000","769,150,159","278,518,097","866,785,215","69,244,156","936,029,371",1.2x,"166,879,212",8.93%,Buyout,WSIB,2026-02-18,ir093024
"Hellman & Friedman Capital Partners XI, L.P.",N/A,"750,000,000",-,"750,000,000",-,-,-,N/A,-,N/A,Buyout,WSIB,2026-02-18,ir093024
"KKR 1982 Fund, L.P.",2/17/1983,"12,990,000","13,305,000",-,-,"39,359,498","39,359,498",3.0x,"26,054,498",36.55%,Buyout,WSIB,2026-02-18,ir093024
"KKR 1984 Fund, L.P.",8/30/1984,"127,099,299","130,233,549",-,-,"576,002,374","576,002,374",4.4x,"445,768,825",29.19%,Buyout,WSIB,2026-02-18,ir093024
KKR 1986 Fund,4/17/1986,"84,354,306","173,980,206",-,-,"952,917,260","952,917,260",5.5x,"778,937,054",28.01%,Buyout,WSIB,2026-02-18,ir093024
KKR 1987 Fund,11/23/1987,"626,070,509","1,079,418,737",-,-,"1,787,757,611","1,787,757,611",1.7x,"708,338,874",8.62%,Buyout,WSIB,2026-02-18,ir093024
KKR 1993 Fund,12/20/1993,"350,000,000","434,224,667",-,-,"718,586,752","718,586,752",1.7x,"284,362,085",16.67%,Buyout,WSIB,2026-02-18,ir093024
"KKR 1996 Fund, LP",2/26/1997,"850,650,000","1,136,927,513",-,-,"1,838,838,285","1,838,838,285",1.6x,"701,910,772",13.20%,Buyout,WSIB,2026-02-18,ir093024
"KKR 2006 Fund, L.P.",9/27/2006,"1,500,000,000","1,779,648,175",-,-,"3,118,937,939","3,118,937,939",1.8x,"1,339,289,764",9.42%,Buyout,WSIB,2026-02-18,ir093024
"KKR Americas Fund XII, L.P.",10/31/2017,"750,000,000","725,184,510","80,109,603","982,326,187","550,848,372","1,533,174,559",2.1x,"807,990,049",20.70%,Buyout,WSIB,2026-02-18,ir093024
"KKR Asian Fund III, L.P.",2/12/2018,"500,000,000","480,779,122","72,830,381","590,257,493","388,660,254","978,917,747",2.0x,"498,138,625",21.91%,Buyout,WSIB,2026-02-18,ir093024
KKR Asian Fund IV SCSp,5/27/2021,"500,000,000","271,716,712","269,070,424","329,411,876","40,837,029","370,248,905",1.4x,"98,532,193",15.79%,Buyout,WSIB,2026-02-18,ir093024
"KKR Asian Fund, L.P.",7/3/2007,"400,000,000","516,069,908","682,717","106,537","873,153,423","873,259,960",1.7x,"357,190,052",13.59%,Buyout,WSIB,2026-02-18,ir093024
"KKR Beatrice, L.P.",4/17/1986,"75,000,000","75,000,000",-,-,"268,259,707","268,259,707",3.6x,"193,259,707",43.17%,Buyout,WSIB,2026-02-18,ir093024
"KKR DAW, L.P.",5/8/1984,"64,000,000","64,000,000",-,-,"191,025,390","191,025,390",3.0x,"127,025,390",13.08%,Buyout,WSIB,2026-02-18,ir093024
"KKR Millennium Fund, L.P.",12/9/2002,"1,500,000,000","2,006,206,178",-,-,"3,666,387,364","3,666,387,364",1.8x,"1,660,181,186",16.70%,Buyout,WSIB,2026-02-18,ir093024
"KKR North America Fund XI, L.P.",11/15/2012,"500,000,000","599,172,069","900,949","187,236,978","1,154,461,910","1,341,698,888",2.2x,"742,526,819",19.51%,Buyout,WSIB,2026-02-18,ir093024
"KKR North America Fund XI, L.P. - Second Commitment",7/26/2013,"250,000,000","302,812,399","479,672","88,851,394","592,499,422","681,350,816",2.3x,"378,538,417",19.49%,Buyout,WSIB,2026-02-18,ir093024
KKR North America Fund XIII SCSp,5/5/2022,"750,000,000","522,271,522","247,368,499","601,625,342","7,894,107","609,519,449",1.2x,"87,247,927",11.82%,Buyout,WSIB,2026-02-18,ir093024
"KKR Red Lion, L.P.",4/10/1985,"108,128,524","108,128,524",-,-,"355,858,447","355,858,447",3.3x,"247,729,923",10.10%,Buyout,WSIB,2026-02-18,ir093024
"New Mountain Partners VII, L.P.",5/26/2023,"400,000,000","5,122,071","394,877,929","203,942",-,"203,942",0.0x,"(4,918,129)",N/A,Buyout,WSIB,2026-02-18,ir093024
"New Mountain Partners VI, L.P.",3/10/2021,"300,000,000","288,962,670","13,954,224","398,064,086","3,663,687","401,727,773",1.4x,"112,765,103",18.65%,Buyout,WSIB,2026-02-18,ir093024
"Permira IV, L.P.",12/14/2006,"125,210,000","150,711,602",-,-,"234,549,071","234,549,071",1.6x,"83,837,470",8.60%,Buyout,WSIB,2026-02-18,ir093024
"Permira VI, L.P.",1/11/2017,"362,994,589","338,595,970","72,704,232","477,966,769","236,852,854","714,819,624",2.1x,"376,223,654",16.91%,Buyout,WSIB,2026-02-18,ir093024
"Permira VII, L.P.",2/5/2020,"395,941,779","387,219,832","42,267,775","450,342,836","33,545,830","483,888,665",1.2x,"96,668,833",7.47%,Buyout,WSIB,2026-02-18,ir093024
Permira VIII,3/20/2023,"382,486,093","181,786,579","200,699,514","202,216,497",-,"202,216,497",1.1x,"20,429,918",10.34%,Buyout,WSIB,2026-02-18,ir093024
Providence Equity Partners IX L.P.,12/15/2023,"200,000,000","88,216,773","130,763,149","73,032,907","18,994,462","92,027,369",1.0x,"3,810,596",9.60%,Buyout,WSIB,2026-02-18,ir093024
"Providence Equity Partners VI, L.P.",3/16/2007,"250,000,000","327,736,956","9,747,142","1,020,710","444,952,492","445,973,202",1.4x,"118,236,246",5.94%,Buyout,WSIB,2026-02-18,ir093024
"Silver Lake Partners II, L.P.",7/28/2004,"125,000,000","135,698,844",-,-,"237,600,519","237,600,519",1.8x,"101,901,675",11.02%,Buyout,WSIB,2026-02-18,ir093024
"Silver Lake III SL SPV-2, L.P.",2/22/2019,"63,294,745","64,061,467",-,"38,815,413","99,542,035","138,357,448",2.2x,"74,295,981",31.19%,Buyout,WSIB,2026-02-18,ir093024
"Silver Lake Partners III, L.P.",8/13/2007,"250,000,000","277,048,200","23,821,169","13,185,920","521,607,364","534,793,284",1.9x,"257,745,084",17.56%,Buyout,WSIB,2026-02-18,ir093024
"Silver Lake Partners IV, L.P.",10/22/2013,"400,000,000","472,872,192","11,385,537","595,084,860","685,379,356","1,280,464,216",2.7x,"807,592,024",21.62%,Buyout,WSIB,2026-02-18,ir093024
"Silver Lake Partners V, L.P.",6/12/2018,"540,000,000","551,365,907","68,942,199","567,056,123","332,606,251","899,662,374",1.6x,"348,296,467",13.24%,Buyout,WSIB,2026-02-18,ir093024
"Silver Lake Partners VI, L.P.",1/6/2021,"750,000,000","790,426,950","40,216,756","885,486,818","80,809,815","966,296,633",1.2x,"175,869,683",9.37%,Buyout,WSIB,2026-02-18,ir093024
"TA XIV, L.P.",12/3/2021,"525,000,000","501,375,000","39,375,000","490,604,678","15,750,000","506,354,678",1.0x,"4,979,678",0.60%,Buyout,WSIB,2026-02-18,ir093024
"TA XV, L.P.",2/10/2025,"750,000,000",-,"750,000,000","(3,873,014)",-,"(3,873,014)",N/A,"(3,873,014)",N/A,Buyout,WSIB,2026-02-18,ir093024
The Eighth Cinven Fund,6/21/2024,"334,128,555","17,043,438","317,085,117","11,000,864",-,"11,000,864",0.6x,"(6,042,574)",(35.45%),Buyout,WSIB,2026-02-18,ir093024
"Thoma Bravo Fund XIV, L.P.",4/15/2021,"200,000,000","215,052,557","29,416,497","219,489,464","44,469,103","263,958,567",1.2x,"48,906,010",7.74%,Buyout,WSIB,2026-02-18,ir093024
"Thoma Bravo Fund XV, L.P.",6/10/2022,"200,000,000","142,724,611","57,363,894","185,321,955","131,841","185,453,796",1.3x,"42,729,185",14.98%,Buyout,WSIB,2026-02-18,ir093024
"TPG Partners IX, L.P.",9/27/2023,"480,000,000","192,703,438","289,062,570","208,057,241","1,957,102","210,014,343",1.1x,"17,310,905",14.28%,Buyout,WSIB,2026-02-18,ir093024
"TPG Partners V, L.P.",6/27/2006,"750,000,000","817,573,204","4,869,216","767,200","1,100,692,588","1,101,459,788",1.3x,"283,886,584",4.81%,Buyout,WSIB,2026-02-18,ir093024
"TPG Partners VI, L.P.",4/17/2008,"750,000,000","833,363,313","13,713,055","7,700,143","1,229,533,016","1,237,233,159",1.5x,"403,869,846",9.67%,Buyout,WSIB,2026-02-18,ir093024
"TPG Partners VII, L.P.",9/25/2015,"600,000,000","615,607,127","66,925,393","205,676,718","1,046,987,801","1,252,664,519",2.0x,"637,057,392",20.55%,Buyout,WSIB,2026-02-18,ir093024
"TPG Partners VIII, L.P.",10/1/2019,"750,000,000","764,913,968","95,918,014","916,687,515","235,747,117","1,152,434,632",1.5x,"387,520,664",19.45%,Buyout,WSIB,2026-02-18,ir093024
Investment Name,"Initial Investment
Date","Capital
Committed","Paid-In
Capital
(A)",Unfunded Commitment,"Current
Market Value
(B)","Capital
Distributed (1)
(C )","Total Value
(B+C)","Total Value
Multiple
(B+C)/A","Gain Since
Inception
(B+C)-A","Net
IRR (2)",Buyout,WSIB,2026-02-18,ir093024
Corporate Finance/Buyout - Mid,,,,,,,,,,,Buyout,WSIB,2026-02-18,ir093024
"Actis Global 4, L.P.",3/20/2012,"250,000,000","305,104,092","10,807,000","108,236,000","275,885,758","384,121,758",1.3x,"79,017,666",5.28%,Buyout,WSIB,2026-02-18,ir093024
Advent International GPE VI L.P.,7/7/2008,"135,010,095","139,021,608",-,"9,690,576","265,917,746","275,608,322",2.0x,"136,586,714",15.48%,Buyout,WSIB,2026-02-18,ir093024
"Advent Latin American Private Equity Fund IV, L.P.",11/6/2007,"25,000,000","25,729,421",-,"1,680,895","36,605,964","38,286,859",1.5x,"12,557,438",8.73%,Buyout,WSIB,2026-02-18,ir093024
"Advent Latin American Private Equity Fund V, L.P.",5/17/2010,"100,000,000","96,200,000","3,800,000","18,989,317","84,000,000","102,989,317",1.1x,"6,789,317",1.02%,Buyout,WSIB,2026-02-18,ir093024
"Advent Latin American Private Equity Fund VI-H, L.P.",5/11/2015,"160,000,000","148,880,000","11,200,000","127,033,186","138,304,372","265,337,558",1.8x,"116,457,558",13.26%,Buyout,WSIB,2026-02-18,ir093024
Advent Latin American Private Equity Fund VII SCSp,5/3/2021,"200,000,000","126,000,000","74,000,000","153,207,407",-,"153,207,407",1.2x,"27,207,407",10.31%,Buyout,WSIB,2026-02-18,ir093024
"Affinity Asia Pacific Fund III, L.P.",3/22/2007,"100,000,000","100,699,598","4,260,102","4,357,599","138,188,997","142,546,596",1.4x,"41,846,999",9.01%,Buyout,WSIB,2026-02-18,ir093024
"Affinity Asia Pacific Fund IV, L.P.",3/22/2013,"300,000,000","321,047,088","29,766,157","156,689,612","389,612,557","546,302,169",1.7x,"225,255,080",15.05%,Buyout,WSIB,2026-02-18,ir093024
"Apax Europe IV-A, L.P.",3/31/1999,"168,519,997","177,899,887",-,-,"239,609,980","239,609,980",1.3x,"61,710,093",7.16%,Buyout,WSIB,2026-02-18,ir093024
"Ara Fund III, LP",11/27/2023,"200,000,000","38,140,840","162,448,048","31,429,973","463,188","31,893,161",0.8x,"(6,247,679)",(20.73%),Buyout,WSIB,2026-02-18,ir093024
"Asia Opportunity Fund II, L.P.",11/3/2005,"100,000,000","127,203,986",-,-,"178,555,968","178,555,968",1.4x,"51,351,982",7.36%,Buyout,WSIB,2026-02-18,ir093024
"Asia Opportunity Fund III, L.P.",2/13/2008,"125,000,000","132,974,964","21,705,729","18,011,395","106,047,401","124,058,796",0.9x,"(8,916,167)",(1.58%),Buyout,WSIB,2026-02-18,ir093024
"BGH Capital Fund I, L.P.",9/18/2019,"247,122,889","239,411,262","39,381,152","264,139,114","31,824,908","295,964,022",1.2x,"56,552,761",8.24%,Buyout,WSIB,2026-02-18,ir093024
BGH Capital Fund II,5/10/2024,"323,689,754","38,600,720","285,089,034","23,528,379",-,"23,528,379",0.6x,"(15,072,341)",(39.05%),Buyout,WSIB,2026-02-18,ir093024
"Blackstone Capital Partners Asia, L.P.",9/17/2018,"200,000,000","203,530,256","29,349,784","219,768,789","189,379,423","409,148,212",2.0x,"205,617,956",26.34%,Buyout,WSIB,2026-02-18,ir093024
"CDH Fund IV, L.P.",7/13/2010,"25,000,000","27,765,945","885,721","3,352,386","35,842,599","39,194,985",1.4x,"11,429,040",7.11%,Buyout,WSIB,2026-02-18,ir093024
"Centerbridge Capital Partners V, L.P.",N/A,"400,000,000",-,"400,000,000",-,-,-,N/A,-,N/A,Buyout,WSIB,2026-02-18,ir093024
"Charterhouse Capital Partners VI, L.P.",10/1/1997,"47,030,976","49,124,506",-,-,"103,258,664","103,258,664",2.1x,"54,134,158",18.80%,Buyout,WSIB,2026-02-18,ir093024
"Charterhouse Capital Partners VII, L.P.",9/24/2002,"117,368,800","137,175,260",-,-,"265,556,964","265,556,964",1.9x,"128,381,704",37.92%,Buyout,WSIB,2026-02-18,ir093024
"Charterhouse Capital Partners X, L.P.",12/5/2016,"253,573,984","219,888,006",-,-,"380,675,630","380,675,630",1.7x,"160,787,624",18.25%,Buyout,WSIB,2026-02-18,ir093024
"CHS Private Equity V, L.P.",11/10/2005,"125,000,000","141,975,133",-,-,"237,524,189","237,524,189",1.7x,"95,549,056",9.86%,Buyout,WSIB,2026-02-18,ir093024
Cinven Fund,12/2/1996,"41,186,981","40,958,918",0,-,"69,006,477","69,006,477",1.7x,"28,047,559",17.18%,Buyout,WSIB,2026-02-18,ir093024
Cinven Second Fund,8/3/1998,"93,070,687","91,556,230",-,-,"147,918,630","147,918,630",1.6x,"56,362,400",9.36%,Buyout,WSIB,2026-02-18,ir093024
"Code, Hennessy & Simmons III, L.P.",8/14/1997,"30,000,000","29,042,999",-,-,"42,413,186","42,413,186",1.5x,"13,370,187",7.40%,Buyout,WSIB,2026-02-18,ir093024
"Code, Hennessy & Simmons IV, L.P.",10/27/1999,"125,000,000","126,007,990",-,-,"196,985,480","196,985,480",1.6x,"70,977,490",12.12%,Buyout,WSIB,2026-02-18,ir093024
"Cornerstone Equity Partners IV, LP",12/19/1996,"30,000,000","30,000,000",-,-,"48,494,853","48,494,853",1.6x,"18,494,853",8.58%,Buyout,WSIB,2026-02-18,ir093024
"Cypress Merchant Banking Partners II, LP",3/29/1999,"100,000,000","109,384,232",-,-,"101,658,276","101,658,276",0.9x,"(7,725,956)",(1.36%),Buyout,WSIB,2026-02-18,ir093024
DCPF VI Oil and Gas Coinvestment Fund LP,12/10/2013,"100,000,000","84,875,756","19,069,636","207,317","136,445,328","136,652,645",1.6x,"51,776,889",15.83%,Buyout,WSIB,2026-02-18,ir093024
"Denham Commodity Partners Fund VI, L.P.",4/20/2012,"200,000,000","236,223,491","12,259,892","103,436,435","134,398,181","237,834,616",1.0x,"1,611,125",0.15%,Buyout,WSIB,2026-02-18,ir093024
"Elevation Partners, L.P.",6/14/2005,"100,000,000","97,445,137",-,-,"151,277,284","151,277,284",1.6x,"53,832,147",11.81%,Buyout,WSIB,2026-02-18,ir093024
"FFL Capital Partners IV, L.P.",3/27/2015,"200,000,000","249,352,734",-,-,"422,323,522","422,323,522",1.7x,"172,970,788",16.69%,Buyout,WSIB,2026-02-18,ir093024
"First Reserve Fund IX, L.P.",4/9/2001,"100,000,000","108,200,868",-,-,"308,010,240","308,010,240",2.8x,"199,809,372",48.12%,Buyout,WSIB,2026-02-18,ir093024
"First Reserve Fund VIII, L.P.",4/30/1998,"50,000,000","53,897,561",-,-,"103,701,235","103,701,235",1.9x,"49,803,674",15.83%,Buyout,WSIB,2026-02-18,ir093024
"First Reserve Fund X, L.P.",10/28/2004,"200,000,000","200,000,000",-,-,"365,523,217","365,523,217",1.8x,"165,523,217",31.06%,Buyout,WSIB,2026-02-18,ir093024
"Fortress Investment Fund II, LLC",9/12/2002,"100,000,000","225,686,456",-,-,"329,384,292","329,384,292",1.5x,"103,697,836",35.98%,Buyout,WSIB,2026-02-18,ir093024
"Fortress Investment Fund III, L.P.",9/27/2004,"175,000,000","238,999,949",-,-,"254,871,117","254,871,117",1.1x,"15,871,169",1.20%,Buyout,WSIB,2026-02-18,ir093024
"Fortress Investment Fund, L.P.",1/12/2000,"200,000,000","251,644,746",-,-,"587,854,752","587,854,752",2.3x,"336,210,007",25.65%,Buyout,WSIB,2026-02-18,ir093024
"FountainVest Capital Partners Fund IV, L.P.",10/26/2021,"250,000,000","89,891,125","160,165,881","61,227,430","270,123","61,497,553",0.7x,"(28,393,572)",(14.19%),Buyout,WSIB,2026-02-18,ir093024
"Francisco Partners IV, L.P.",4/15/2015,"140,000,000","140,830,762","3,570,000","103,972,307","329,568,839","433,541,146",3.1x,"292,710,384",26.62%,Buyout,WSIB,2026-02-18,ir093024
"Francisco Partners, L.P.",6/16/2000,"60,000,000","63,457,405",-,-,"80,508,007","80,508,007",1.3x,"17,050,602",4.41%,Buyout,WSIB,2026-02-18,ir093024
"Francisco Partners, L.P. - WSIB Secondary",11/23/2004,"10,000,000","4,905,152",-,-,"10,472,675","10,472,675",2.1x,"5,567,523",21.03%,Buyout,WSIB,2026-02-18,ir093024
"GI Partners Fund IV, L.P.",1/24/2014,"150,000,000","162,434,501","2,124,034","119,765,778","221,675,020","341,440,798",2.1x,"179,006,297",15.14%,Buyout,WSIB,2026-02-18,ir093024
"GI Partners Fund V, L.P.",2/15/2018,"250,000,000","281,610,194","16,260,954","278,172,259","186,194,614","464,366,873",1.6x,"182,756,679",15.33%,Buyout,WSIB,2026-02-18,ir093024
"Gilbert Global Equity Partners, L.P.",5/28/1998,"100,000,000","114,040,228",-,-,"154,113,457","154,113,457",1.4x,"40,073,229",3.22%,Buyout,WSIB,2026-02-18,ir093024
"Green Equity Investors IV, L.P.",9/5/2003,"100,000,000","108,799,173",-,-,"205,302,277","205,302,277",1.9x,"96,503,104",11.13%,Buyout,WSIB,2026-02-18,ir093024
"Gryphon Partners II, L.P.",11/3/1999,"32,500,000","39,399,271",-,-,"46,166,695","46,166,695",1.2x,"6,767,424",4.61%,Buyout,WSIB,2026-02-18,ir093024
"GTCR Fund IX, L.P.",12/1/2006,"185,000,000","176,156,818",-,-,"318,240,694","318,240,694",1.8x,"142,083,876",13.77%,Buyout,WSIB,2026-02-18,ir093024
"GTCR Fund VII, L.P.",1/31/2000,"93,757,551","93,054,426",-,-,"219,185,733","219,185,733",2.4x,"126,131,307",21.83%,Buyout,WSIB,2026-02-18,ir093024
"GTCR Fund VII-A, L.P.",1/19/2001,"31,250,000","20,703,124",-,-,"57,817,376","57,817,376",2.8x,"37,114,252",83.00%,Buyout,WSIB,2026-02-18,ir093024
"GTCR Fund VIII, L.P.",7/7/2003,"125,000,000","115,655,992",-,-,"209,160,750","209,160,750",1.8x,"93,504,758",22.40%,Buyout,WSIB,2026-02-18,ir093024
"GTCR Fund X, L.P.",7/18/2011,"300,000,000","317,220,810",-,-,"662,736,037","662,736,037",2.1x,"345,515,227",21.60%,Buyout,WSIB,2026-02-18,ir093024
"GTCR Fund XI, L.P.",9/2/2014,"350,000,000","349,144,006","19,685,640","268,264,371","851,414,187","1,119,678,558",3.2x,"770,534,552",31.59%,Buyout,WSIB,2026-02-18,ir093024
GTCR Strategic Growth Fund I LP,9/29/2022,"165,000,000","65,736,000","99,264,000","71,586,336",-,"71,586,336",1.1x,"5,850,336",7.28%,Buyout,WSIB,2026-02-18,ir093024
"Heritage Fund III, L.P.",9/15/1999,"40,000,000","37,531,428",-,-,"17,967,747","17,967,747",0.5x,"(19,563,681)",(23.53%),Buyout,WSIB,2026-02-18,ir093024
"Jade Equity Investors, L.P.",4/15/2020,"175,000,000","181,623,011","26,024,286","229,558,816","32,647,297","262,206,113",1.4x,"80,583,102",20.65%,Buyout,WSIB,2026-02-18,ir093024
"Jade Equity Investors II, L.P.",8/15/2024,"125,000,000","1,188,601","123,811,399","991,122",-,"991,122",0.8x,"(197,479)",(16.61%),Buyout,WSIB,2026-02-18,ir093024
"Joseph Littlejohn Levy Fund II, L.P.",1/25/1994,"40,000,000","44,807,903",-,-,"67,570,232","67,570,232",1.5x,"22,762,329",7.15%,Buyout,WSIB,2026-02-18,ir093024
"Joseph, Littlejohn & Levy Fund III, LP",1/8/1998,"125,000,000","144,691,205",-,-,"222,968,648","222,968,648",1.5x,"78,277,443",11.19%,Buyout,WSIB,2026-02-18,ir093024
"KKR European Fund IV, L.P.",2/26/2015,"226,427,673","246,450,274","1,782,888","144,555,801","306,939,661","451,495,463",1.8x,"205,045,189",15.92%,Buyout,WSIB,2026-02-18,ir093024
KKR Global Impact Fund II SCSp,12/21/2023,"150,000,000","55,784,721","99,271,354","46,879,606","2,916","46,882,522",0.8x,"(8,902,199)",(16.74%),Buyout,WSIB,2026-02-18,ir093024
"KSL Capital Partners II, L.P.",4/13/2006,"100,000,000","111,195,886",-,-,"215,337,205","215,337,205",1.9x,"104,141,318",15.30%,Buyout,WSIB,2026-02-18,ir093024
"KSL Capital Partners III, L.P.",4/14/2011,"200,000,000","235,472,036","7,728,117","42,050,899","253,474,031","295,524,930",1.3x,"60,052,894",8.35%,Buyout,WSIB,2026-02-18,ir093024
"KSL Capital Partners IV, L.P.",3/31/2016,"250,000,000","301,210,523","54,208,174","262,364,085","242,929,003","505,293,088",1.7x,"204,082,565",13.98%,Buyout,WSIB,2026-02-18,ir093024
"KSL Capital Partners Supplemental II TE, L.P.",3/3/2009,"50,000,000","21,703,428",-,-,"46,970,637","46,970,637",2.2x,"25,267,209",24.79%,Buyout,WSIB,2026-02-18,ir093024
"KSL Capital Partners V, L.P.",10/28/2019,"300,000,000","356,090,716","52,487,076","316,475,274","145,650,154","462,125,428",1.3x,"106,034,712",13.81%,Buyout,WSIB,2026-02-18,ir093024
"Nordic Capital Fund IV, L.P.",8/10/2000,"74,815,130","73,419,287",-,-,"207,016,476","207,016,476",2.8x,"133,597,189",33.17%,Buyout,WSIB,2026-02-18,ir093024
"Nordic Capital Fund VI, L.P.",5/26/2006,"206,945,711","233,715,170",-,"716,749","351,528,753","352,245,501",1.5x,"118,530,331",6.86%,Buyout,WSIB,2026-02-18,ir093024
"Nordic Capital V, L.P.",8/4/2003,"128,092,232","147,048,516",0,"196,996","401,163,011","401,360,006",2.7x,"254,311,491",20.55%,Buyout,WSIB,2026-02-18,ir093024
"Olympus Growth Fund III, L.P.",7/30/1998,"20,000,000","18,935,765",-,-,"35,500,543","35,500,543",1.9x,"16,564,778",15.04%,Buyout,WSIB,2026-02-18,ir093024
"Providence Strategic Growth Europe, L.P.",5/10/2021,"190,025,897","217,517,125","17,015,846","228,962,404","66,369,656","295,332,060",1.4x,"77,814,935",17.53%,Buyout,WSIB,2026-02-18,ir093024
PSG Europe II L.P.,12/13/2023,"194,104,482","30,409,233","164,875,705","37,075,242","1,180,455","38,255,697",1.3x,"7,846,464",41.36%,Buyout,WSIB,2026-02-18,ir093024
PSG V L.P.,12/23/2021,"200,000,000","188,967,251","30,738,414","200,334,789","19,705,665","220,040,454",1.2x,"31,073,203",11.15%,Buyout,WSIB,2026-02-18,ir093024
"Rhone Partners V, L.P.",7/16/2015,"170,827,817","208,995,059","11,000,528","225,499,147","183,095,116","408,594,263",2.0x,"199,599,203",16.93%,Buyout,WSIB,2026-02-18,ir093024
"Riverside Capital Appreciation Fund VI, L.P.",12/6/2013,"150,000,000","167,490,495","12,524,044","48,993,963","206,441,897","255,435,860",1.5x,"87,945,365",11.32%,Buyout,WSIB,2026-02-18,ir093024
"Riverside Capital Appreciation Fund VII, L.P.",4/22/2019,"200,000,000","209,243,836","30,756,164","160,839,418","119,986,250","280,825,668",1.3x,"71,581,832",11.14%,Buyout,WSIB,2026-02-18,ir093024
"Riverside Micro-Cap Fund VI, L.P.",9/30/2022,"100,000,000","42,321,767","57,678,233","42,466,224","24,829","42,491,053",1.0x,"169,286",0.32%,Buyout,WSIB,2026-02-18,ir093024
"Roark Capital Partners III, L.P.",9/26/2012,"125,000,000","143,142,293",-,-,"286,600,222","286,600,222",2.0x,"143,457,929",11.75%,Buyout,WSIB,2026-02-18,ir093024
"Roark Capital Partners IV, L.P.",7/1/2016,"175,000,000","169,131,905",-,-,"218,270,775","218,270,775",1.3x,"49,138,870",4.49%,Buyout,WSIB,2026-02-18,ir093024
"Silver Lake Partners, L.P.",7/1/1999,"60,000,000","62,920,036",-,-,"138,113,477","138,113,477",2.2x,"75,193,441",24.57%,Buyout,WSIB,2026-02-18,ir093024
"Southern Cross Latin America Private Equity Fund IV, L.P.",10/14/2010,"75,000,000","75,297,539",-,-,"16,245,223","16,245,223",0.2x,"(59,052,316)",(25.71%),Buyout,WSIB,2026-02-18,ir093024
"Southern Cross Latin America Private Equity Fund IV, L.P. - WSIB Secondary",9/23/2011,"3,855,611","3,874,275",-,-,"866,412","866,412",0.2x,"(3,007,863)",(25.60%),Buyout,WSIB,2026-02-18,ir093024
"Spectrum Equity Investors IV, L.P.",6/27/2000,"100,000,000","97,000,000",-,-,"129,455,789","129,455,789",1.3x,"32,455,789",7.47%,Buyout,WSIB,2026-02-18,ir093024
"Tailwind Capital Partners III, L.P.",9/27/2018,"200,000,000","213,420,517","39,204,024","204,001,351","123,448,176","327,449,527",1.5x,"114,029,010",16.97%,Buyout,WSIB,2026-02-18,ir093024
"Searchlight Capital Partners IV, L.P.",9/20/2024,"400,000,000","28,727,532","371,272,468","24,393,823",-,"24,393,823",0.8x,"(4,333,709)",(15.09%),Buyout,WSIB,2026-02-18,ir093024
"Thoma Bravo Discover Fund IV, L.P.",12/8/2022,"200,000,000","114,360,337","85,639,663","144,938,884",-,"144,938,884",1.3x,"30,578,547",19.07%,Buyout,WSIB,2026-02-18,ir093024
"TPG Healthcare Partners II, L.P.",8/17/2023,"120,000,000","34,376,455","86,707,995","37,414,673","1,220,094","38,634,767",1.1x,"4,258,312",16.89%,Buyout,WSIB,2026-02-18,ir093024
"Triton Fund III, L.P.",12/22/2009,"192,840,000","255,621,586",-,-,"387,213,803","387,213,803",1.5x,"131,592,218",10.15%,Buyout,WSIB,2026-02-18,ir093024
"Triton Fund IV, L.P.",7/8/2013,"261,579,811","214,816,087",-,-,"299,125,964","299,125,964",1.4x,"84,309,878",7.19%,Buyout,WSIB,2026-02-18,ir093024
"TWCP, L.P.",1/27/2000,"125,000,000","150,662,693",-,-,"94,834,075","94,834,075",0.6x,"(55,828,618)",(9.63%),Buyout,WSIB,2026-02-18,ir093024
"Vestar Capital Partners III, L.P.",3/28/1997,"20,000,000","19,512,109",-,-,"22,226,141","22,226,141",1.1x,"2,714,032",2.59%,Buyout,WSIB,2026-02-18,ir093024
"Vestar Capital Partners VI, L.P.",4/2/2012,"158,637,500","194,576,632","566,747","81,995,365","321,853,520","403,848,885",2.1x,"209,272,253",23.94%,Buyout,WSIB,2026-02-18,ir093024
"Vestar Capital Partners VII, L.P.",4/2/2018,"200,000,000","214,728,995","24,906,839","158,618,924","102,534,980","261,153,904",1.2x,"46,424,909",8.22%,Buyout,WSIB,2026-02-18,ir093024
"Wellspring Capital Partners VI, L.P.",4/27/2018,"200,000,000","227,678,506","45,874,215","210,505,984","144,121,991","354,627,975",1.6x,"126,949,469",14.82%,Buyout,WSIB,2026-02-18,ir093024
Investment Name,"Initial Investment
Date","Capital
Committed","Paid-In
Capital
(A)",Unfunded Commitment,"Current
Market Value
(B)","Capital
Distributed (1)
(C )","Total Value
(B+C)","Total Value
Multiple
(B+C)/A","Gain Since
Inception
(B+C)-A","Net
IRR (2)",Special Situations,WSIB,2026-02-18,ir093024
Corporate Finance/Buyout - Small,,,,,,,,,,,Special Situations,WSIB,2026-02-18,ir093024
Accel-KKR Company LLC,8/15/2000,"50,000,000","50,000,000",-,-,"116,070,487","116,070,487",2.3x,"66,070,487",8.15%,Special Situations,WSIB,2026-02-18,ir093024
"Astorg II, L.P.",3/24/1999,"23,117,086","20,587,681",-,-,"63,098,118","63,098,118",3.1x,"42,510,437",23.75%,Special Situations,WSIB,2026-02-18,ir093024
"Banc Fund IV, L.P.",4/18/1996,"20,000,000","20,000,000",-,-,"46,023,313","46,023,313",2.3x,"26,023,313",15.59%,Special Situations,WSIB,2026-02-18,ir093024
"Banc Fund IX, L.P.",7/15/2014,"100,000,000","100,000,000",-,"77,913,589","71,876,439","149,790,029",1.5x,"49,790,029",5.92%,Special Situations,WSIB,2026-02-18,ir093024
"Banc Fund V, L.P.",7/15/1998,"30,000,000","30,000,000",-,-,"68,444,152","68,444,152",2.3x,"38,444,152",15.57%,Special Situations,WSIB,2026-02-18,ir093024
"Banc Fund VII, L.P.",4/26/2005,"32,150,000","32,150,500",-,-,"48,725,147","48,725,147",1.5x,"16,574,647",3.91%,Special Situations,WSIB,2026-02-18,ir093024
"Banc Fund VIII, L.P.",4/30/2008,"85,000,000","85,000,000",-,-,"182,625,064","182,625,064",2.1x,"97,625,064",12.73%,Special Situations,WSIB,2026-02-18,ir093024
"Banc Fund X, L.P.",5/16/2018,"100,318,182","100,326,099",0,"111,659,279","13,018,753","124,678,031",1.2x,"24,351,932",5.03%,Special Situations,WSIB,2026-02-18,ir093024
"Code, Hennessy & Simmons II, L.P.",6/15/1994,"12,325,000","12,325,000",-,-,"43,068,703","43,068,703",3.5x,"30,743,703",32.59%,Special Situations,WSIB,2026-02-18,ir093024
"Endeavour Capital Fund IV, L.P.",3/17/2004,"50,000,000","46,139,483",-,-,"153,876,834","153,876,834",3.3x,"107,737,351",25.69%,Special Situations,WSIB,2026-02-18,ir093024
"Endeavour Capital Fund V, L.P.",1/29/2008,"65,000,000","64,921,380",-,-,"130,229,325","130,229,325",2.0x,"65,307,945",10.85%,Special Situations,WSIB,2026-02-18,ir093024
"Endeavour Capital Fund V, L.P. - Secondary Purchase",12/31/2020,"7,686,196","151,453",-,-,"410,296","410,296",2.7x,"258,843",165.51%,Special Situations,WSIB,2026-02-18,ir093024
"Endeavour Capital Fund VI, L.P.",12/1/2011,"95,000,000","93,146,344","5,991,365","1,423,928","204,226,544","205,650,472",2.2x,"112,504,128",14.67%,Special Situations,WSIB,2026-02-18,ir093024
"Endeavour Capital Fund VI, L.P. - Secondary Purchase",12/31/2020,"11,233,671","4,413,428","708,473","168,377","12,389,996","12,558,373",2.8x,"8,144,945",176.85%,Special Situations,WSIB,2026-02-18,ir093024
"Endeavour Capital Fund VII, L.P.",2/23/2016,"125,000,000","122,366,976","7,322,127","140,246,118","145,662,721","285,908,839",2.3x,"163,541,863",19.72%,Special Situations,WSIB,2026-02-18,ir093024
"Endeavour Capital Fund VII, L.P. - Secondary Purchase",12/31/2020,"13,285,294","14,965,023","778,217","14,905,687","11,484,312","26,389,999",1.8x,"11,424,976",29.92%,Special Situations,WSIB,2026-02-18,ir093024
"Endeavour Capital Fund VIII, L.P.",11/5/2021,"200,000,000","102,372,911","90,752,315","113,378,457","8,650,630","122,029,087",1.2x,"19,656,176",8.58%,Special Situations,WSIB,2026-02-18,ir093024
"Energy Recovery Fund, L.P.",11/12/1987,"100,000,000","100,000,000",-,-,"169,999,899","169,999,899",1.7x,"69,999,899",10.68%,Special Situations,WSIB,2026-02-18,ir093024
"Evercore Capital Partners II, L.P.",4/14/2003,"75,000,000","84,108,992",-,-,"102,387,229","102,387,229",1.2x,"18,278,237",4.91%,Special Situations,WSIB,2026-02-18,ir093024
"Evergreen Pacific Partners II, L.P.",9/4/2008,"50,000,000","50,169,654",-,-,"102,781,444","102,781,444",2.0x,"52,611,790",21.97%,Special Situations,WSIB,2026-02-18,ir093024
"France Private Equity II, L.P.",10/30/1998,"27,093,410","21,513,536",-,-,"36,464,308","36,464,308",1.7x,"14,950,772",13.74%,Special Situations,WSIB,2026-02-18,ir093024
"Luminate Capital Partners III, L.P.",6/9/2021,"150,000,000","114,742,757","35,257,243","125,998,639",-,"125,998,639",1.1x,"11,255,882",5.06%,Special Situations,WSIB,2026-02-18,ir093024
"Luminate Capital Partners IV, L.P.",N/A,"200,000,000",-,"200,000,000",-,-,-,N/A,-,N/A,Special Situations,WSIB,2026-02-18,ir093024
"Nordic Capital Fund III, L.P.",2/26/1998,"47,001,443","51,026,056",-,-,"181,979,741","181,979,741",3.6x,"130,953,685",31.31%,Special Situations,WSIB,2026-02-18,ir093024
"Palamon European Equity II, L.P.",10/25/2005,"132,008,575","155,735,724",-,"18,341,422","216,772,578","235,114,000",1.5x,"79,378,276",8.08%,Special Situations,WSIB,2026-02-18,ir093024
"Palamon European Equity, L.P.",7/30/1999,"50,735,000","68,736,807",-,-,"119,003,657","119,003,657",1.7x,"50,266,850",10.75%,Special Situations,WSIB,2026-02-18,ir093024
"Riverside Micro-Cap Fund V, L.P.",5/1/2019,"75,000,000","79,171,992","1,426,326","107,974,485","9,179,809","117,154,294",1.5x,"37,982,302",13.60%,Special Situations,WSIB,2026-02-18,ir093024
"TSG Capital Fund II, L.P.",1/31/1995,"30,000,000","29,627,405",-,-,"19,542,707","19,542,707",0.7x,"(10,084,698)",(8.54%),Special Situations,WSIB,2026-02-18,ir093024
"TSG Capital Fund III, L.P.",9/1/1998,"75,000,000","79,824,029",-,-,"45,320,238","45,320,238",0.6x,"(34,503,791)",(13.52%),Special Situations,WSIB,2026-02-18,ir093024
"Tailwind Capital Partners Fund IV, L.P.",N/A,"84,807,584",-,"84,807,584","(1,500,235)",-,"(1,500,235)",N/A,"(1,500,235)",N/A,Special Situations,WSIB,2026-02-18,ir093024
Distressed Debt,,,,,,,,,,,Special Situations,WSIB,2026-02-18,ir093024
"Avenue Asia Special Situations Fund IV, L.P.",7/20/2006,"75,000,000","69,994,819",-,-,"73,908,888","73,908,888",1.1x,"3,914,069",1.25%,Special Situations,WSIB,2026-02-18,ir093024
"Avenue Special Situations Fund IV, L.P.",3/27/2006,"100,000,000","125,897,973",-,-,"165,321,132","165,321,132",1.3x,"39,423,159",8.40%,Special Situations,WSIB,2026-02-18,ir093024
"Avenue Special Situations Fund V, L.P.",6/4/2007,"200,000,000","221,111,891",-,-,"287,491,278","287,491,278",1.3x,"66,379,387",11.23%,Special Situations,WSIB,2026-02-18,ir093024
"Contrarian Capital Fund II, L.P.",3/19/1997,"40,000,000","40,000,000",-,-,"56,236,772","56,236,772",1.4x,"16,236,772",5.31%,Special Situations,WSIB,2026-02-18,ir093024
"DDJ Galileo Fund, L.P.",1/20/1995,"20,712,000","20,712,000",-,-,"17,308,790","17,308,790",0.8x,"(3,403,210)",(7.26%),Special Situations,WSIB,2026-02-18,ir093024
MatlinPatterson Global Opp. Ptnrs. III,6/22/2007,"150,000,000","183,043,431",-,-,"223,333,241","223,333,241",1.2x,"40,289,810",3.98%,Special Situations,WSIB,2026-02-18,ir093024
"MatlinPatterson Global Opportunities Partners, L.P.",1/9/2002,"75,000,000","78,544,925",-,-,"132,766,491","132,766,491",1.7x,"54,221,566",15.82%,Special Situations,WSIB,2026-02-18,ir093024
"Oaktree Opportunities Fund IX, L.P.",3/26/2013,"400,000,000","400,040,278",-,"249,704,584","480,904,502","730,609,086",1.8x,"330,568,808",8.14%,Special Situations,WSIB,2026-02-18,ir093024
"Oaktree Opportunities Fund VIII, L.P.",12/9/2009,"125,000,000","125,000,000",-,"160,944","183,304,718","183,465,662",1.5x,"58,465,662",9.06%,Special Situations,WSIB,2026-02-18,ir093024
"Oaktree Opportunities Fund VIII-B, L.P.",8/22/2011,"125,000,000","125,000,000",-,"15,432,590","196,233,841","211,666,431",1.7x,"86,666,431",8.27%,Special Situations,WSIB,2026-02-18,ir093024
"Oaktree Opportunities Fund X, L.P.",7/15/2015,"200,000,000","186,000,155","34,000,000","94,655,172","189,864,625","284,519,797",1.5x,"98,519,642",9.29%,Special Situations,WSIB,2026-02-18,ir093024
"Oaktree Opportunities Fund Xb, L.P.",6/18/2018,"400,000,000","300,022,271","100,000,000","421,565,389","69,783,395","491,348,784",1.6x,"191,326,513",12.54%,Special Situations,WSIB,2026-02-18,ir093024
"Oaktree Opportunities Fund XI, L.P.",8/3/2020,"400,000,000","340,016,625","60,000,000","387,020,194","46,625,051","433,645,245",1.3x,"93,628,620",10.80%,Special Situations,WSIB,2026-02-18,ir093024
"Oaktree Principal Fund V, L.P.",2/23/2010,"150,000,000","137,640,876","7,500,000","11,463,725","155,773,065","167,236,790",1.2x,"29,595,914",3.20%,Special Situations,WSIB,2026-02-18,ir093024
"OCM Opportunities Fund II, L.P.",10/28/1997,"75,000,000","75,000,000",-,-,"113,377,090","113,377,090",1.5x,"38,377,090",8.45%,Special Situations,WSIB,2026-02-18,ir093024
"OCM Opportunities Fund III, L.P.",9/23/1999,"125,000,000","130,000,000",-,-,"193,334,933","193,334,933",1.5x,"63,334,933",11.94%,Special Situations,WSIB,2026-02-18,ir093024
"OCM Opportunities Fund IV, L.P.",10/30/2001,"100,000,000","107,500,000",-,-,"172,695,378","172,695,378",1.6x,"65,195,378",28.02%,Special Situations,WSIB,2026-02-18,ir093024
"OCM Opportunities Fund V, L.P.",6/30/2004,"30,000,000","30,000,000",-,-,"49,500,091","49,500,091",1.7x,"19,500,091",14.01%,Special Situations,WSIB,2026-02-18,ir093024
"OCM Opportunities Fund VI, L.P.",9/28/2005,"30,000,000","30,000,000",-,-,"47,383,596","47,383,596",1.6x,"17,383,596",8.75%,Special Situations,WSIB,2026-02-18,ir093024
"OCM Opportunities Fund VII, L.P.",5/16/2007,"85,000,000","85,000,000",-,-,"117,526,617","117,526,617",1.4x,"32,526,617",7.34%,Special Situations,WSIB,2026-02-18,ir093024
"OCM Opportunities Fund VII-B, L.P.",6/3/2008,"215,000,000","193,500,000",-,-,"335,119,343","335,119,343",1.7x,"141,619,343",16.52%,Special Situations,WSIB,2026-02-18,ir093024
"OCM Opportunities Fund, LP",10/24/1995,"38,600,000","40,537,194",-,-,"65,244,578","65,244,578",1.6x,"24,707,384",10.23%,Special Situations,WSIB,2026-02-18,ir093024
"OCM Principal Opportunities Fund IV, LP",12/7/2006,"150,000,000","157,486,282",-,-,"262,304,718","262,304,718",1.7x,"104,818,436",8.82%,Special Situations,WSIB,2026-02-18,ir093024
"Sixth Street Opportunities Partners II, L.P.",10/9/2012,"200,000,000","141,485,198","59,141,556","1,706,717","244,466,609","246,173,326",1.7x,"104,688,128",16.44%,Special Situations,WSIB,2026-02-18,ir093024
"Sixth Street Opportunities Partners III, L.P.",2/6/2014,"165,764,898","110,212,098","24,355,024","30,489,158","135,960,166","166,449,324",1.5x,"56,237,226",8.60%,Special Situations,WSIB,2026-02-18,ir093024
"Sixth Street Opportunities Partners IV, L.P.",1/18/2019,"200,000,000","161,423,677","25,337,865","146,167,929","79,992,352","226,160,281",1.4x,"64,736,604",10.49%,Special Situations,WSIB,2026-02-18,ir093024
"Sixth Street Opportunities Partners V, L.P.",6/7/2022,"225,000,000","163,447,424","63,662,094","177,350,630","2,137,114","179,487,744",1.1x,"16,040,320",7.74%,Special Situations,WSIB,2026-02-18,ir093024
"Varde Select Fund, L.P.",2/11/1998,"16,000,000","16,000,000",-,-,"21,131,746","21,131,746",1.3x,"5,131,746",6.02%,Special Situations,WSIB,2026-02-18,ir093024
Growth Equity,,,,,,,,,,,Special Situations,WSIB,2026-02-18,ir093024
"Boston Ventures V, L.P.",9/30/1996,"39,000,000","44,825,045",-,-,"50,838,274","50,838,274",1.1x,"6,013,229",2.80%,Special Situations,WSIB,2026-02-18,ir093024
"Boston Ventures VI, L.P.",7/27/2000,"50,000,000","47,158,062",-,-,"70,705,578","70,705,578",1.5x,"23,547,516",9.41%,Special Situations,WSIB,2026-02-18,ir093024
"Brentwood Associates IV, L.P.",5/18/1983,"15,000,000","15,000,000",-,-,"32,589,610","32,589,610",2.2x,"17,589,610",10.94%,Special Situations,WSIB,2026-02-18,ir093024
"Centurium Capital Partners 2018, L.P.",2/26/2019,"200,000,000","208,954,554","680,783","272,439,162","23,551,281","295,990,443",1.4x,"87,035,889",8.09%,Special Situations,WSIB,2026-02-18,ir093024
"FountainVest China Capital Partners Fund III, L.P.",2/1/2017,"200,000,000","205,396,602","31,824,343","209,504,323","65,713,674","275,217,997",1.3x,"69,821,395",7.46%,Special Situations,WSIB,2026-02-18,ir093024
"FountainVest China Growth Capital Fund II, L.P.",1/2/2013,"150,000,000","171,034,020","4,354,817","14,013,941","231,196,868","245,210,809",1.4x,"74,176,789",11.71%,Special Situations,WSIB,2026-02-18,ir093024
"FountainVest China Growth Capital Fund, L.P.",10/31/2008,"50,000,000","58,333,850","6,978,798","94,297","79,427,850","79,522,147",1.4x,"21,188,297",6.66%,Special Situations,WSIB,2026-02-18,ir093024
"Insight Venture Partners Growth-Buyout Coinvestment Fund, L.P.",5/11/2015,"50,000,000","54,175,000","4,856,050","101,451,193","87,058,992","188,510,185",3.5x,"134,335,185",26.66%,Special Situations,WSIB,2026-02-18,ir093024
"Insight Venture Partners IX, L.P.",3/24/2015,"150,000,000","158,354,363","1,209,270","355,604,811","258,805,398","614,410,209",3.9x,"456,055,846",23.86%,Special Situations,WSIB,2026-02-18,ir093024
"Insight Venture Partners VIII, L.P.",7/10/2013,"150,000,000","165,153,163","5,608,495","160,437,928","364,984,035","525,421,963",3.2x,"360,268,799",20.73%,Special Situations,WSIB,2026-02-18,ir093024
"Insight Partners XI, L.P.",3/25/2020,"200,000,000","194,600,000","5,984,915","304,018,363","1,264,069","305,282,432",1.6x,"110,682,432",12.95%,Special Situations,WSIB,2026-02-18,ir093024
"Insight Partners XII, L.P.",7/15/2021,"250,000,000","217,250,000","32,750,000","213,251,149","334,912","213,586,061",1.0x,"(3,663,939)",(0.75%),Special Situations,WSIB,2026-02-18,ir093024
Permira Growth Opportunities II SCSp,4/14/2022,"200,000,000","79,800,000","125,726,378","66,519,103","5,526,378","72,045,481",0.9x,"(7,754,519)",(5.05%),Special Situations,WSIB,2026-02-18,ir093024
"Sequoia Global Growth Fund III - Endurance Partners, L.P.",6/11/2018,"350,000,000","336,418,433","13,581,567","472,089,772","111,037,582","583,127,354",1.7x,"246,708,921",16.00%,Special Situations,WSIB,2026-02-18,ir093024
"Silver Lake Partners VII, L.P.",1/4/2024,"500,000,000","106,932,559","392,242,627","113,720,013","5,859,515","119,579,528",1.1x,"12,646,969",12.77%,Special Situations,WSIB,2026-02-18,ir093024
"Sixth Street Growth Partners II, L.P.",8/1/2022,"200,000,000","76,449,441","123,553,914","83,860,566","32,721","83,893,287",1.1x,"7,443,846",7.79%,Special Situations,WSIB,2026-02-18,ir093024
"TA XI, L.P.",7/30/2010,"150,000,000","158,576,044","2,250,000","17,824,024","552,813,060","570,637,084",3.6x,"412,061,040",26.71%,Special Situations,WSIB,2026-02-18,ir093024
"TA XII, L.P.",2/22/2016,"250,000,000","296,659,122","2,500,000","235,734,610","602,898,181","838,632,791",2.8x,"541,973,669",34.93%,Special Situations,WSIB,2026-02-18,ir093024
"TA XIII, L.P.",12/16/2019,"355,000,000","380,515,463","32,837,500","452,213,707","226,977,963","679,191,670",1.8x,"298,676,207",23.81%,Special Situations,WSIB,2026-02-18,ir093024
"TCV IX, L.P.",12/27/2016,"200,000,000","178,183,262","41,240,000","125,839,357","236,966,855","362,806,212",2.0x,"184,622,950",18.74%,Special Situations,WSIB,2026-02-18,ir093024
"TCV VIII, L.P.",2/3/2014,"150,000,000","140,484,585","19,237,472","103,624,316","215,825,593","319,449,909",2.3x,"178,965,324",12.31%,Special Situations,WSIB,2026-02-18,ir093024
"TCV X, L.P.",2/11/2019,"200,000,000","157,019,281","49,893,409","309,213,893","64,419,823","373,633,716",2.4x,"216,614,435",22.99%,Special Situations,WSIB,2026-02-18,ir093024
"TCV XI, L.P.",2/1/2021,"250,000,000","198,158,925","51,841,075","200,634,094",-,"200,634,094",1.0x,"2,475,169",0.57%,Special Situations,WSIB,2026-02-18,ir093024
"The Rise Fund III, L.P.",5/26/2023,"250,000,000","117,865,706","133,275,133","136,151,687","1,308,217","137,459,904",1.2x,"19,594,198",24.19%,Special Situations,WSIB,2026-02-18,ir093024
"TowerBrook Delta (Onshore), L.P.",11/14/2023,"100,000,000","32,862,781","68,005,408","26,967,566","105,520","27,073,086",0.8x,"(5,789,695)",(25.56%),Special Situations,WSIB,2026-02-18,ir093024
"TPG Growth II, L.P.",12/23/2011,"200,000,000","223,472,281","7,374,263","4,485,183","397,442,564","401,927,747",1.8x,"178,455,466",14.83%,Special Situations,WSIB,2026-02-18,ir093024
Investment Name,"Initial Investment
Date","Capital
Committed","Paid-In
Capital
(A)",Unfunded Commitment,"Current
Market Value
(B)","Capital
Distributed (1)
(C )","Total Value
(B+C)","Total Value
Multiple
(B+C)/A","Gain Since
Inception
(B+C)-A","Net
IRR (2)",Special Situations,WSIB,2026-02-18,ir093024
"TPG Growth III, L.P.",5/6/2015,"300,000,000","360,084,125","6,145,072","190,720,579","402,976,674","593,697,253",1.6x,"233,613,128",16.50%,Special Situations,WSIB,2026-02-18,ir093024
"TPG Growth IV, L.P.",7/26/2018,"350,000,000","388,030,702","32,882,972","375,870,583","251,853,452","627,724,035",1.6x,"239,693,333",14.68%,Special Situations,WSIB,2026-02-18,ir093024
"TPG Growth V, L.P.",2/5/2021,"400,000,000","396,336,821","55,211,674","488,750,002","61,248,388","549,998,390",1.4x,"153,661,569",16.09%,Special Situations,WSIB,2026-02-18,ir093024
"TPG Growth VI, L.P.",8/1/2024,"400,000,000","34,910,870","365,089,130","41,137,263",-,"41,137,263",1.2x,"6,226,393",17.84%,Special Situations,WSIB,2026-02-18,ir093024
"TPG STAR, L.P.",1/9/2007,"100,000,000","129,073,742","8,006","6,152,681","155,205,984","161,358,665",1.3x,"32,284,923",6.22%,Special Situations,WSIB,2026-02-18,ir093024
"Warburg Pincus China, L.P.",12/23/2016,"190,000,000","197,506,399",-,"170,488,353","87,053,789","257,542,142",1.3x,"60,035,743",5.81%,Special Situations,WSIB,2026-02-18,ir093024
"Warburg Pincus China-Southeast Asia II, L.P.",6/20/2019,"300,000,000","174,000,000","126,000,000","158,028,902","33,566,918","191,595,820",1.1x,"17,595,820",4.20%,Special Situations,WSIB,2026-02-18,ir093024
"Warburg Pincus Energy, L.P.",7/25/2014,"200,000,000","192,363,629","8,000,000","85,697,986","147,061,719","232,759,705",1.2x,"40,396,076",3.99%,Special Situations,WSIB,2026-02-18,ir093024
"Warburg Pincus Equity Partners, L.P.",6/26/1998,"400,000,000","400,000,083",-,-,"663,489,234","663,489,234",1.7x,"263,489,151",10.30%,Special Situations,WSIB,2026-02-18,ir093024
"Warburg Pincus Financial Sector II, L.P.",7/21/2021,"200,000,000","153,760,182","63,000,000","188,365,257","35,322,151","223,687,408",1.5x,"69,927,225",23.36%,Special Situations,WSIB,2026-02-18,ir093024
"Warburg Pincus Financial Sector, L.P.",1/5/2018,"200,000,000","203,222,509","7,900,000","255,984,280","146,485,905","402,470,185",2.0x,"199,247,676",18.58%,Special Situations,WSIB,2026-02-18,ir093024
"Warburg Pincus Global Growth 14, L.P.",2/16/2022,"600,000,000","285,528,658","319,500,000","321,421,548","20,911,717","342,333,265",1.2x,"56,804,607",16.00%,Special Situations,WSIB,2026-02-18,ir093024
"Warburg Pincus Global Growth, L.P.",3/26/2019,"750,000,000","708,509,202","43,500,000","958,029,610","186,324,629","1,144,354,239",1.6x,"435,845,038",14.72%,Special Situations,WSIB,2026-02-18,ir093024
"Warburg Pincus International Partners, L.P.",6/22/2000,"100,000,000","106,373,361",-,-,"194,099,056","194,099,056",1.8x,"87,725,695",10.47%,Special Situations,WSIB,2026-02-18,ir093024
"Warburg Pincus International Partners, L.P. - WSIB Secondary",1/5/2005,"10,000,000","6,940,314",-,-,"18,316,360","18,316,360",2.6x,"11,376,047",29.91%,Special Situations,WSIB,2026-02-18,ir093024
"Warburg Pincus Private Equity IX, L.P.",7/26/2005,"700,000,000","701,101,672",-,"782,879","1,205,648,789","1,206,431,668",1.7x,"505,329,996",9.61%,Special Situations,WSIB,2026-02-18,ir093024
"Warburg Pincus Private Equity VIII, L.P.",8/3/2001,"300,000,000","313,385,843",-,-,"700,801,804","700,801,804",2.2x,"387,415,961",14.50%,Special Situations,WSIB,2026-02-18,ir093024
"Warburg Pincus Private Equity X, L.P.",10/24/2007,"750,000,000","771,369,047",-,"17,415,573","1,355,209,643","1,372,625,216",1.8x,"601,256,169",9.51%,Special Situations,WSIB,2026-02-18,ir093024
"Warburg Pincus Private Equity XI, L.P.",5/24/2012,"750,000,000","763,227,511",-,"195,534,777","1,158,369,267","1,353,904,044",1.8x,"590,676,533",12.03%,Special Situations,WSIB,2026-02-18,ir093024
"Warburg Pincus Private Equity XII, L.P.",12/21/2015,"700,000,000","700,457,695",-,"547,964,452","890,543,667","1,438,508,119",2.1x,"738,050,424",16.49%,Special Situations,WSIB,2026-02-18,ir093024
"Warburg Pincus Ventures, LP",12/16/1994,"100,000,000","100,000,000",-,-,"512,860,595","512,860,595",5.1x,"412,860,595",48.21%,Special Situations,WSIB,2026-02-18,ir093024
Mezzanine,,,,,,,,,,,Special Situations,WSIB,2026-02-18,ir093024
"Capital Resource Lenders II, L.P.",11/23/1993,"25,000,000","25,000,000",-,-,"33,817,078","33,817,078",1.4x,"8,817,078",5.70%,Special Situations,WSIB,2026-02-18,ir093024
"Capital Resource Lenders III, L.P.",6/28/1996,"30,000,000","30,000,000",-,-,"35,890,939","35,890,939",1.2x,"5,890,939",4.33%,Special Situations,WSIB,2026-02-18,ir093024
"Capital Resource Partners IV, L.P.",3/18/1999,"70,000,000","69,838,012",-,-,"77,995,111","77,995,111",1.1x,"8,157,099",2.05%,Special Situations,WSIB,2026-02-18,ir093024
"Equity-Linked Investors, L.P.",4/1/1985,"25,000,000","25,000,000",-,-,"68,962,491","68,962,491",2.8x,"43,962,491",10.78%,Special Situations,WSIB,2026-02-18,ir093024
"European Mezzanine Fund III, L.P.",7/12/1999,"49,337,541","56,625,848",-,-,"118,709,850","118,709,850",2.1x,"62,084,002",17.11%,Special Situations,WSIB,2026-02-18,ir093024
"Green Mountain Partners II, L.P.",7/24/1998,"40,000,000","43,860,280",-,-,"71,191,466","71,191,466",1.6x,"27,331,186",10.31%,Special Situations,WSIB,2026-02-18,ir093024
"Green Mountain Partners, L.P.",4/8/1996,"30,001,016","31,418,200",-,-,"39,036,189","39,036,189",1.2x,"7,617,989",5.62%,Special Situations,WSIB,2026-02-18,ir093024
"GTCR Capital Partners, L.P.",11/12/1999,"50,000,000","53,111,111",-,-,"76,596,807","76,596,807",1.4x,"23,485,696",10.81%,Special Situations,WSIB,2026-02-18,ir093024
"Rice Partners II, L.P.",12/8/1994,"45,000,000","44,833,083",-,-,"39,477,794","39,477,794",0.9x,"(5,355,289)",(3.38%),Special Situations,WSIB,2026-02-18,ir093024
"RSTW Partners III, LP",5/20/1997,"50,000,000","46,021,748",-,-,"43,293,772","43,293,772",0.9x,"(2,727,976)",(1.17%),Special Situations,WSIB,2026-02-18,ir093024
"WCAS Capital Partners III, L.P.",8/14/1997,"100,000,000","100,000,000",-,-,"174,638,563","174,638,563",1.7x,"74,638,563",13.02%,Special Situations,WSIB,2026-02-18,ir093024
Real Estate - Debt,,,,,,,,,,,Special Situations,WSIB,2026-02-18,ir093024
"BlackRock Asset Investors, L.P.",3/30/1995,"100,000,000","105,890,515",-,-,"145,038,847","145,038,847",1.4x,"39,148,332",21.88%,Special Situations,WSIB,2026-02-18,ir093024
Co-Investment,,,,,,,,,,,Special Situations,WSIB,2026-02-18,ir093024
"Evergreen Park Investment Fund, L.P.",6/29/2021,"3,800,000,000","2,852,220,913","962,034,208","3,751,613,990","5,566,926","3,757,180,916",1.3x,"904,960,003",17.24%,Special Situations,WSIB,2026-02-18,ir093024
"Fisher Lynch Co-Investment Partnership II, L.P.",2/24/2011,"500,000,000","519,474,946","38,956,059","256,032,217","930,507,262","1,186,539,479",2.3x,"667,064,533",17.38%,Special Situations,WSIB,2026-02-18,ir093024
"Fisher Lynch Co-Investment Partnership III, L.P.",2/8/2017,"700,000,000","727,593,459","1,692","929,621,060","491,498,856","1,421,119,916",2.0x,"693,526,457",13.73%,Special Situations,WSIB,2026-02-18,ir093024
"Fisher Lynch Co-Investment Partnership IV, L.P.",4/17/2019,"750,000,000","749,796,314","18,762,834","1,035,116,584","376,816,953","1,411,933,537",1.9x,"662,137,223",18.42%,Special Situations,WSIB,2026-02-18,ir093024
"Fisher Lynch Co-Investment Fund V, LP.",2/28/2024,"100,000,000","37,149,973","62,850,027","44,436,245",-,"44,436,245",1.2x,"7,286,272",26.40%,Special Situations,WSIB,2026-02-18,ir093024
"Fisher Lynch Co-Investment Partnership, L.P.",3/6/2006,"250,000,000","284,752,218",-,-,"417,692,635","417,692,635",1.5x,"132,940,417",6.85%,Special Situations,WSIB,2026-02-18,ir093024
Special Situation,,,,,,,,,,,Special Situations,WSIB,2026-02-18,ir093024
"EIG Energy Fund XVI, L.P.",12/13/2013,"200,000,000","200,008,316","49,724,211","89,038,160","148,034,579","237,072,739",1.2x,"37,064,423",3.73%,Special Situations,WSIB,2026-02-18,ir093024
"HarbourVest Global Private Equity, L.P.",12/11/2007,"147,395,717","147,395,717",-,-,"202,932,151","202,932,151",1.4x,"55,536,434",4.00%,Special Situations,WSIB,2026-02-18,ir093024
"HarbourVest International PEP II - Direct Fund, L.P.",9/26/1995,"5,000,000","5,000,000",-,-,"9,504,976","9,504,976",1.9x,"4,504,976",19.57%,Special Situations,WSIB,2026-02-18,ir093024
"HarbourVest International PEP II - Partnership Fund, L.P.",6/29/1995,"35,055,265","34,355,265",-,-,"49,478,253","49,478,253",1.4x,"15,122,988",9.43%,Special Situations,WSIB,2026-02-18,ir093024
"HarbourVest Int'l PEP III - Direct Fund, L.P.",3/31/1998,"50,097,669","48,883,492",-,-,"40,805,680","40,805,680",0.8x,"(8,077,812)",(2.00%),Special Situations,WSIB,2026-02-18,ir093024
"HarbourVest Int'l PEP III - Partnership Fund, L.P.",6/22/1998,"76,800,000","76,800,000",-,-,"119,921,210","119,921,210",1.6x,"43,121,210",10.50%,Special Situations,WSIB,2026-02-18,ir093024
HarbourVest Int'l PEP IV - Direct Fund L.P.,7/20/2001,"56,700,000","56,700,000",-,-,"105,847,648","105,847,648",1.9x,"49,147,648",21.29%,Special Situations,WSIB,2026-02-18,ir093024
HarbourVest Int'l PEP IV- Partnership Fund L.P.,4/9/2001,"32,400,000","32,400,000",-,-,"55,254,067","55,254,067",1.7x,"22,854,067",22.59%,Special Situations,WSIB,2026-02-18,ir093024
"HarbourVest Partners II, L.P.",11/25/1985,"10,000,000","10,000,000",-,-,"19,369,421","19,369,421",1.9x,"9,369,421",8.49%,Special Situations,WSIB,2026-02-18,ir093024
HarbourVest Partners VI - Partnership Fund,5/7/1999,"187,500,000","174,375,000",-,-,"213,865,504","213,865,504",1.2x,"39,490,504",3.60%,Special Situations,WSIB,2026-02-18,ir093024
"HIPEP V-Asia Pacific and Rest of World Fund, L.P.",5/9/2006,"75,000,000","70,613,291",-,-,"98,254,306","98,254,306",1.4x,"27,641,015",5.57%,Special Situations,WSIB,2026-02-18,ir093024
"HIPEP VI-Asia Pacific Fund, L.P.",3/18/2009,"50,000,000","47,500,000","2,500,000","13,673,053","62,076,165","75,749,218",1.6x,"28,249,218",8.04%,Special Situations,WSIB,2026-02-18,ir093024
"HIPEP VI-Emerging Markets Fund, L.P.",12/14/2009,"50,000,000","50,000,000",-,"29,574,550","29,607,158","59,181,708",1.2x,"9,181,708",2.24%,Special Situations,WSIB,2026-02-18,ir093024
Sixth Street Growth Partners,8/27/2019,"200,000,000","146,837,246","40,715,451","125,007,295","86,019,079","211,026,374",1.4x,"64,189,128",11.33%,Special Situations,WSIB,2026-02-18,ir093024
Investment Name,"Initial Investment
Date","Capital
Committed","Paid-In
Capital
(A)",Unfunded Commitment,"Current
Market Value
(B)","Capital
Distributed (1)
(C )","Total Value
(B+C)","Total Value
Multiple
(B+C)/A","Gain Since
Inception
(B+C)-A","Net
IRR (2)",Venture Capital,WSIB,2026-02-18,ir093024
Venture Capital,,,,,,,,,,,Venture Capital,WSIB,2026-02-18,ir093024
"Austin Ventures IV, L.P.",11/1/1994,"15,000,000","15,000,000",-,-,"126,322,781","126,322,781",8.4x,"111,322,781",73.23%,Venture Capital,WSIB,2026-02-18,ir093024
"Austin Ventures V, LP",3/28/1997,"15,000,000","15,000,000",-,-,"29,635,763","29,635,763",2.0x,"14,635,763",31.89%,Venture Capital,WSIB,2026-02-18,ir093024
"Austin Ventures VI, L.P.",11/25/1998,"24,000,000","25,395,840",-,-,"16,044,621","16,044,621",0.6x,"(9,351,220)",(7.89%),Venture Capital,WSIB,2026-02-18,ir093024
"Austin Ventures VII, L.P.",12/16/1999,"74,000,000","73,980,549",-,-,"59,730,926","59,730,926",0.8x,"(14,249,623)",(2.80%),Venture Capital,WSIB,2026-02-18,ir093024
"Austin Ventures VIII, L.P.",7/26/2001,"66,400,000","70,582,755",-,-,"114,022,769","114,022,769",1.6x,"43,440,014",6.84%,Venture Capital,WSIB,2026-02-18,ir093024
Cable & Howse Partners II,10/30/1981,"3,000,000","3,000,000",-,-,"3,117,310","3,117,310",1.0x,"117,310",0.46%,Venture Capital,WSIB,2026-02-18,ir093024
"Cable & Howse Transition Fund, L.P.",6/28/1983,"5,000,000","5,000,000",-,-,"4,056,666","4,056,666",0.8x,"(943,334)",(3.52%),Venture Capital,WSIB,2026-02-18,ir093024
"Essex Woodlands Health Ventures Fund V, L.P.",8/8/2000,"25,000,000","25,500,000",-,"2,362,907","26,977,718","29,340,625",1.2x,"3,840,625",2.98%,Venture Capital,WSIB,2026-02-18,ir093024
"Essex Woodlands Health Ventures Fund VI, L.P.",2/23/2004,"25,000,000","24,343,750","656,250","7,370,221","26,746,020","34,116,241",1.4x,"9,772,491",3.49%,Venture Capital,WSIB,2026-02-18,ir093024
"Evergreen I, L.P.",12/18/1984,"25,000,000","25,000,000",-,-,"69,843,499","69,843,499",2.8x,"44,843,499",12.60%,Venture Capital,WSIB,2026-02-18,ir093024
"Evergreen II, L.P.",12/12/1984,"25,000,000","25,000,000",-,-,"27,682,785","27,682,785",1.1x,"2,682,785",1.69%,Venture Capital,WSIB,2026-02-18,ir093024
"Evergreen III, L.P.",4/6/1987,"25,000,000","25,000,000",-,-,"36,854,986","36,854,986",1.5x,"11,854,986",7.76%,Venture Capital,WSIB,2026-02-18,ir093024
"Evergreen IV, L.P.",11/15/1987,"25,000,000","25,000,000",-,-,"32,690,838","32,690,838",1.3x,"7,690,838",5.47%,Venture Capital,WSIB,2026-02-18,ir093024
"Frazier Healthcare II, L.P.",2/28/1996,"10,000,000","10,114,091",-,-,"14,786,378","14,786,378",1.5x,"4,672,288",6.85%,Venture Capital,WSIB,2026-02-18,ir093024
"Frazier Healthcare III, L.P.",10/27/1998,"40,000,000","42,643,494",-,-,"20,113,596","20,113,596",0.5x,"(22,529,898)",(11.14%),Venture Capital,WSIB,2026-02-18,ir093024
"Frazier Healthcare IV, L.P.",9/26/2001,"40,000,000","39,760,000",-,-,"41,379,754","41,379,754",1.0x,"1,619,754",0.65%,Venture Capital,WSIB,2026-02-18,ir093024
"General Catalyst Group XII, L.P.",3/18/2024,"200,000,000","38,554,554","161,445,446","41,688,808",-,"41,688,808",1.1x,"3,134,254",13.80%,Venture Capital,WSIB,2026-02-18,ir093024
"InterWest Partners VI, L.P.",1/13/1997,"10,000,000","10,000,000",-,-,"29,717,541","29,717,541",3.0x,"19,717,541",48.80%,Venture Capital,WSIB,2026-02-18,ir093024
Invesco Portfolio,10/9/1996,"324,955,000","325,876,104","200,000","574,541","457,400,534","457,975,075",1.4x,"132,098,971",7.25%,Venture Capital,WSIB,2026-02-18,ir093024
"Investech, L.P.",5/21/1982,"5,000,000","5,000,000",-,-,"6,121,369","6,121,369",1.2x,"1,121,369",2.25%,Venture Capital,WSIB,2026-02-18,ir093024
"John Hancock Venture Capital Fund, L.P.",2/3/1983,"10,000,000","10,000,000",-,-,"11,268,802","11,268,802",1.1x,"1,268,802",1.73%,Venture Capital,WSIB,2026-02-18,ir093024
"KBA Partners II, L.P.",6/30/1989,"42,600,000","42,600,000",-,-,"1,575,007","1,575,007",0.0x,"(41,024,993)",(42.07%),Venture Capital,WSIB,2026-02-18,ir093024
"KBA Partners, L.P.",3/10/1987,"33,000,000","33,000,000",-,-,"70,999,532","70,999,532",2.2x,"37,999,532",14.73%,Venture Capital,WSIB,2026-02-18,ir093024
"Materia Ventures, L.P.",5/6/1986,"15,000,000","15,000,000",-,-,"18,008,369","18,008,369",1.2x,"3,008,369",1.91%,Venture Capital,WSIB,2026-02-18,ir093024
"Menlo Evergreen V, L.P.",6/6/1988,"25,000,000","25,008,714",-,-,"90,391,102","90,391,102",3.6x,"65,382,388",32.14%,Venture Capital,WSIB,2026-02-18,ir093024
"Menlo Inflection I, L.P.",5/13/2016,"131,000,000","131,000,000",-,"349,308,563","23,240,324","372,548,887",2.8x,"241,548,887",17.25%,Venture Capital,WSIB,2026-02-18,ir093024
"Menlo Inflection II, L.P.",3/15/2019,"200,000,000","194,000,000","6,000,000","290,798,949","16,234,418","307,033,367",1.6x,"113,033,367",13.52%,Venture Capital,WSIB,2026-02-18,ir093024
"Menlo Olympic Fund I, L.P.",6/29/2023,"225,000,000","63,000,000","162,000,000","57,935,291",-,"57,935,291",0.9x,"(5,064,709)",(10.93%),Venture Capital,WSIB,2026-02-18,ir093024
"Menlo Inflection III, L.P.",3/15/2022,"250,000,000","102,500,001","147,499,999","98,469,956",-,"98,469,956",1.0x,"(4,030,045)",(2.80%),Venture Capital,WSIB,2026-02-18,ir093024
"Menlo Venture Partners, LP",11/30/1981,"3,000,000","3,000,000",-,-,"3,942,087","3,942,087",1.3x,"942,087",6.14%,Venture Capital,WSIB,2026-02-18,ir093024
"Menlo Ventures III, LP",7/28/1983,"20,000,000","20,000,000",-,-,"31,353,036","31,353,036",1.6x,"11,353,036",7.17%,Venture Capital,WSIB,2026-02-18,ir093024
"Menlo Ventures IV, L.P.",9/12/1988,"25,000,000","25,000,000",-,-,"128,179,179","128,179,179",5.1x,"103,179,179",42.15%,Venture Capital,WSIB,2026-02-18,ir093024
"Menlo Ventures IX, L.P.",1/3/2001,"200,000,000","200,000,000",-,-,"203,998,349","203,998,349",1.0x,"3,998,349",0.33%,Venture Capital,WSIB,2026-02-18,ir093024
"Menlo Ventures VI, L.P.",12/21/1993,"2,600,000","2,600,000",-,-,"8,079,463","8,079,463",3.1x,"5,479,463",40.83%,Venture Capital,WSIB,2026-02-18,ir093024
"Menlo Ventures VII, L.P.",1/3/1997,"25,000,000","25,000,000",-,-,"117,760,153","117,760,153",4.7x,"92,760,153",135.58%,Venture Capital,WSIB,2026-02-18,ir093024
"Menlo Ventures VIII, L.P.",9/16/1999,"50,000,000","50,000,000",-,-,"24,945,080","24,945,080",0.5x,"(25,054,920)",(8.94%),Venture Capital,WSIB,2026-02-18,ir093024
"Menlo Ventures X, L.P.",1/6/2006,"150,000,000","150,000,000",-,"4,394,753","306,612,189","311,006,942",2.1x,"161,006,942",10.49%,Venture Capital,WSIB,2026-02-18,ir093024
"Menlo Ventures XI, L.P.",7/28/2011,"100,000,000","100,000,153",-,"61,535,717","363,440,316","424,976,033",4.2x,"324,975,881",29.34%,Venture Capital,WSIB,2026-02-18,ir093024
"Menlo Ventures XII, L.P.",4/2/2015,"100,000,000","113,519,680",-,"135,732,636","56,557,386","192,290,022",1.7x,"78,770,342",9.18%,Venture Capital,WSIB,2026-02-18,ir093024
"Menlo Ventures XIV, L.P.",10/30/2017,"100,000,000","100,000,000",-,"209,939,475","30,813,250","240,752,725",2.4x,"140,752,725",21.39%,Venture Capital,WSIB,2026-02-18,ir093024
"Menlo Ventures XV, L.P.",11/24/2020,"125,000,000","118,750,000","6,250,000","127,806,630",-,"127,806,630",1.1x,"9,056,630",2.94%,Venture Capital,WSIB,2026-02-18,ir093024
"Mobius Technology Ventures Side Fund VI, L.P.",11/14/2003,"8,166,667","3,064,717",-,-,"4,539,318","4,539,318",1.5x,"1,474,601",6.34%,Venture Capital,WSIB,2026-02-18,ir093024
"Mobius Technology Ventures VI, L.P.",6/5/2000,"83,333,333","82,354,694",-,-,"49,282,966","49,282,966",0.6x,"(33,071,728)",(5.80%),Venture Capital,WSIB,2026-02-18,ir093024
"Morgan Stanley Venture Partners III, LP",1/28/1997,"30,000,000","29,828,293",-,-,"69,732,149","69,732,149",2.3x,"39,903,856",40.87%,Venture Capital,WSIB,2026-02-18,ir093024
"New Enterprise Associates 10, L.P.",10/17/2000,"110,000,000","110,000,000",-,"4,732,682","123,866,570","128,599,252",1.2x,"18,599,252",2.32%,Venture Capital,WSIB,2026-02-18,ir093024
"New Enterprise Associates 12, L.P.",5/22/2006,"50,000,000","49,250,000","750,000","1,504,874","68,349,730","69,854,604",1.4x,"20,604,604",6.42%,Venture Capital,WSIB,2026-02-18,ir093024
"Oak Investment Partners IX, L.P.",10/5/1999,"60,000,000","60,000,000",-,"11,286","39,086,986","39,098,272",0.7x,"(20,901,728)",(6.65%),Venture Capital,WSIB,2026-02-18,ir093024
"Oak Investment Partners VIII, L.P.",9/17/1998,"20,000,000","20,000,000",-,-,"36,011,732","36,011,732",1.8x,"16,011,732",55.33%,Venture Capital,WSIB,2026-02-18,ir093024
"Oak Investment Partners X, L.P.",1/18/2001,"100,000,000","100,000,000",-,-,"126,465,587","126,465,587",1.3x,"26,465,587",3.50%,Venture Capital,WSIB,2026-02-18,ir093024
"Oak Investment Partners XI, L.P.",7/21/2004,"100,000,000","100,000,000",-,"79,915","82,292,209","82,372,124",0.8x,"(17,627,876)",(2.47%),Venture Capital,WSIB,2026-02-18,ir093024
"OVP Venture Partners VI, L.P.",10/10/2001,"40,000,000","40,000,000",-,-,"11,353,372","11,353,372",0.3x,"(28,646,628)",(15.59%),Venture Capital,WSIB,2026-02-18,ir093024
"OVP Venture Partners VII, L.P.",6/9/2006,"40,000,000","40,000,000",-,"93,234,779","36,592,618","129,827,397",3.2x,"89,827,397",8.90%,Venture Capital,WSIB,2026-02-18,ir093024
"Paragon Partners, L.P.",5/10/1984,"4,000,000","4,000,000",-,-,"8,371,560","8,371,560",2.1x,"4,371,560",13.82%,Venture Capital,WSIB,2026-02-18,ir093024
"Paragon Venture Partners II, L.P.",7/6/1989,"5,000,000","5,000,000",-,-,"11,476,137","11,476,137",2.3x,"6,476,137",11.55%,Venture Capital,WSIB,2026-02-18,ir093024
Pathway Portfolio,1/3/1997,"1,013,280,693","1,018,806,441","4,728,938","77,539,239","1,687,976,287","1,765,515,526",1.7x,"746,709,085",11.36%,Venture Capital,WSIB,2026-02-18,ir093024
"Phoenix Partners II, L.P.",2/15/1985,"15,000,000","15,000,000",-,-,"27,828,607","27,828,607",1.9x,"12,828,607",12.97%,Venture Capital,WSIB,2026-02-18,ir093024
"Phoenix Partners III, L.P.",8/27/1986,"25,000,000","25,000,000",-,-,"35,853,437","35,853,437",1.4x,"10,853,437",5.31%,Venture Capital,WSIB,2026-02-18,ir093024
"Phoenix Partners, L.P.",9/1/1982,"5,000,000","5,000,000",-,-,"4,472,493","4,472,493",0.9x,"(527,507)",(1.64%),Venture Capital,WSIB,2026-02-18,ir093024
"Phoenix Partners, L.P. - WSIB Secondary",10/23/1990,"923,036","923,036",-,-,"644,752","644,752",0.7x,"(278,284)",(9.44%),Venture Capital,WSIB,2026-02-18,ir093024
"Sprout Capital IX, L.P.",10/6/2000,"75,000,000","75,119,726",-,-,"106,739,997","106,739,997",1.4x,"31,620,271",5.67%,Venture Capital,WSIB,2026-02-18,ir093024
"Sprout Capital VII, L.P.",2/24/1995,"18,000,000","18,000,000",-,-,"48,062,598","48,062,598",2.7x,"30,062,598",21.47%,Venture Capital,WSIB,2026-02-18,ir093024
"Sprout VIII, L.P.",5/7/1998,"55,000,000","55,000,000",-,-,"51,926,939","51,926,939",0.9x,"(3,073,061)",(0.91%),Venture Capital,WSIB,2026-02-18,ir093024
"TA/Advent VIII, L.P.",2/3/1997,"15,000,000","14,700,000",-,-,"33,578,530","33,578,530",2.3x,"18,878,530",23.28%,Venture Capital,WSIB,2026-02-18,ir093024
"Telecom Partners III, L.P.",12/17/1999,"50,426,250","46,273,500",-,-,"4,909,510","4,909,510",0.1x,"(41,363,990)",(40.56%),Venture Capital,WSIB,2026-02-18,ir093024
"U.S. Venture Partners V, L.P.",9/3/1996,"10,000,000","10,000,000",-,-,"22,614,698","22,614,698",2.3x,"12,614,698",26.23%,Venture Capital,WSIB,2026-02-18,ir093024
"U.S. Venture Partners VI, L.P.",3/11/1999,"15,500,000","15,500,000",-,-,"19,059,183","19,059,183",1.2x,"3,559,183",4.34%,Venture Capital,WSIB,2026-02-18,ir093024
"U.S. Venture Partners VII, L.P.",1/11/2000,"39,416,667","39,416,667",-,-,"27,592,675","27,592,675",0.7x,"(11,823,992)",(2.53%),Venture Capital,WSIB,2026-02-18,ir093024
"U.S. Venture Partners VIII, L.P.",6/4/2001,"54,000,000","53,136,001",-,-,"68,895,926","68,895,926",1.3x,"15,759,925",3.49%,Venture Capital,WSIB,2026-02-18,ir093024
"Ventech Partners, L.P.",1/21/1983,"3,333,333","3,333,333",-,-,"4,946,219","4,946,219",1.5x,"1,612,886",8.23%,Venture Capital,WSIB,2026-02-18,ir093024
